CrimeId,Name
55700,77th Street
248406,Van Nuys
391421,Central
517898,Devonshire
595455,Harbor
81658,Mission
554196,Newton
490444,Hollenbeck
534933,Southeast
193762,Southwest
895836,Harbor
249473,Southwest
698394,Newton
287699,Olympic
370483,N Hollywood
356874,Van Nuys
196814,Mission
459214,Wilshire
413259,Olympic
532668,Southwest
254660,Hollywood
628326,77th Street
935231,Harbor
858372,Olympic
468775,Hollywood
22805,Southeast
25633,Topanga
138259,Wilshire
330060,Southeast
805212,Topanga
270118,Wilshire
246039,Devonshire
364449,Central
825269,N Hollywood
820045,Newton
971559,Foothill
59565,Mission
966008,Southwest
898153,Northeast
293844,Hollywood
796463,Mission
185611,Hollenbeck
232435,Wilshire
14406,Southwest
294883,Newton
592884,Van Nuys
234939,77th Street
694109,Northeast
943867,West Valley
120956,Rampart
154618,West LA
164864,Southwest
965726,77th Street
971957,West LA
971229,Pacific
76392,Devonshire
604346,77th Street
805261,Van Nuys
290771,Hollenbeck
906760,Southeast
51677,Harbor
270721,Rampart
199167,N Hollywood
156490,West Valley
973284,Newton
67552,Southeast
945089,Van Nuys
589342,Hollenbeck
641743,West Valley
262686,Northeast
725490,Northeast
146154,Mission
599910,N Hollywood
872974,Topanga
73591,Southwest
848242,77th Street
694953,Newton
792277,Olympic
200134,Wilshire
638717,Rampart
276114,N Hollywood
812136,Southeast
973224,Hollywood
812445,Mission
551997,Northeast
395714,Central
81781,77th Street
237494,Devonshire
377000,Newton
892263,Pacific
339352,Wilshire
638934,Van Nuys
825922,77th Street
106038,Hollywood
459305,77th Street
804220,N Hollywood
633099,Van Nuys
582991,Central
556664,77th Street
215839,77th Street
457103,Hollenbeck
543467,Southeast
102224,Rampart
859040,Harbor
604071,Wilshire
77839,77th Street
261101,Harbor
38252,N Hollywood
865063,Southeast
100387,Foothill
662475,West Valley
915993,West LA
929911,Southwest
779607,Central
749879,N Hollywood
271034,Southeast
973897,N Hollywood
546803,77th Street
141223,Devonshire
521023,Pacific
571408,Southeast
68557,Wilshire
847284,Pacific
680293,Southwest
289023,Hollywood
94597,Hollywood
723429,Van Nuys
544687,Newton
552184,Pacific
150332,77th Street
57324,Van Nuys
943604,Pacific
142132,Pacific
361137,Rampart
80934,Newton
404633,Pacific
91788,Pacific
208204,Northeast
65312,Olympic
944422,Harbor
908366,Newton
690950,77th Street
182634,Van Nuys
972855,Northeast
136032,Central
704650,Central
952393,Devonshire
497321,Pacific
964252,Central
144047,Hollywood
484110,Newton
213119,N Hollywood
62852,Rampart
304014,Southeast
354391,West Valley
225641,Wilshire
697436,Northeast
580963,Hollywood
466744,Newton
277580,Pacific
518067,Pacific
639664,Van Nuys
59209,Southwest
817900,Van Nuys
698038,Southwest
939784,Van Nuys
869577,77th Street
127889,Central
786936,Hollywood
868974,Hollywood
435340,Wilshire
188926,West LA
349968,Hollywood
720613,Southeast
740879,Topanga
961458,Olympic
447886,Mission
157647,Pacific
90932,77th Street
473040,Harbor
923785,N Hollywood
940459,Hollenbeck
650637,Northeast
624638,Central
302950,Wilshire
86722,Devonshire
923563,Northeast
357720,Hollenbeck
214825,N Hollywood
800965,Southeast
71116,Rampart
621341,Olympic
64668,N Hollywood
73558,Central
80155,Van Nuys
583089,N Hollywood
341453,Hollywood
595581,Hollywood
902573,Central
957878,Mission
307865,Wilshire
350248,Pacific
438582,Central
409294,Southeast
661070,N Hollywood
956901,Pacific
471859,N Hollywood
26175,Olympic
970770,Hollenbeck
776025,Hollenbeck
437720,Northeast
276385,West Valley
961017,Southwest
333571,Pacific
510146,Southwest
485491,Topanga
816032,N Hollywood
430177,Southwest
63528,Topanga
185438,West LA
502521,Mission
289991,Foothill
201177,Rampart
86698,West Valley
674666,Northeast
903429,Topanga
857180,Foothill
619400,Pacific
62522,Topanga
585901,Southeast
237089,West LA
670044,Van Nuys
806204,Southwest
335174,Foothill
866694,Pacific
719841,Rampart
412080,Pacific
586974,Central
116807,Newton
385497,Topanga
891001,Devonshire
738993,West Valley
215352,N Hollywood
295145,Hollenbeck
396517,Devonshire
631722,Southeast
129033,Hollywood
755200,Rampart
533190,N Hollywood
916401,Southwest
313059,Wilshire
402597,West Valley
164973,Mission
244808,Newton
53180,N Hollywood
777731,Northeast
876717,Harbor
806557,Harbor
295173,Harbor
616038,Northeast
90827,77th Street
850566,N Hollywood
394079,Olympic
628894,Mission
693919,Foothill
354407,Southwest
518553,Rampart
272372,Devonshire
744122,Central
726029,Harbor
804055,N Hollywood
180023,Mission
122002,Hollywood
678042,Van Nuys
676149,Central
84114,Hollywood
812103,Central
466246,Southwest
697949,Rampart
233687,Rampart
492851,Harbor
315461,Olympic
799558,Devonshire
621901,Southwest
276321,West Valley
742732,Southeast
414718,Hollywood
288755,Newton
81115,West Valley
472720,77th Street
586727,Mission
549590,Pacific
432485,Northeast
41408,Northeast
174654,Newton
771634,Hollywood
894890,Pacific
864150,Hollenbeck
510268,West LA
943306,Hollenbeck
48789,Southeast
433963,Northeast
287020,Northeast
348951,Olympic
178333,Pacific
978073,Hollenbeck
545979,Van Nuys
556857,Newton
633985,West Valley
685647,Newton
23282,Southwest
102594,Van Nuys
196883,Central
700323,West LA
150421,77th Street
118961,Southeast
842332,Devonshire
975833,Newton
465278,Hollywood
943883,Olympic
947452,Southeast
112536,77th Street
369787,Wilshire
920575,Hollywood
884093,Central
377290,Wilshire
446052,Central
973210,Olympic
930006,Hollywood
551296,Rampart
863971,Topanga
845914,Devonshire
70532,Foothill
465956,N Hollywood
287064,Devonshire
458270,Mission
369244,Hollywood
183344,Wilshire
611475,Central
302927,Southwest
285888,Northeast
868004,Pacific
925996,Topanga
751409,N Hollywood
173482,Pacific
133949,N Hollywood
587131,Devonshire
908088,Southeast
338822,West Valley
725830,Rampart
410913,Southwest
470033,Topanga
186016,Southwest
225540,N Hollywood
152262,Devonshire
349871,Devonshire
682301,Newton
297786,Hollywood
807009,Rampart
395629,Olympic
764107,West Valley
846701,Rampart
698919,Central
397903,Newton
644869,Central
438333,Rampart
168310,Central
338364,Hollenbeck
613114,West LA
126517,Devonshire
728203,Newton
305485,West Valley
4994,77th Street
422960,Southwest
72468,Newton
702958,Mission
376258,Harbor
176957,Olympic
292633,Southwest
357780,77th Street
942740,Hollywood
774971,Mission
754264,Hollywood
716546,N Hollywood
70756,West Valley
576395,Devonshire
392480,Hollywood
972566,Topanga
823517,Devonshire
514488,Devonshire
420854,Southwest
107834,Pacific
615049,Hollywood
411982,Northeast
333323,Hollenbeck
133815,Hollywood
829179,Northeast
354438,Southwest
476613,Foothill
785099,Rampart
288847,Southwest
814693,Van Nuys
106631,Hollenbeck
308427,Hollywood
162450,Topanga
938712,77th Street
726425,Hollenbeck
478432,77th Street
12460,N Hollywood
47660,Harbor
452722,Devonshire
314036,West Valley
589590,77th Street
856834,77th Street
401927,Newton
686933,Rampart
921673,Southwest
564568,Newton
930406,Pacific
589800,Wilshire
190735,77th Street
67804,Devonshire
54755,Topanga
971581,77th Street
306564,Hollenbeck
251767,Wilshire
950813,77th Street
623928,Mission
643220,Pacific
254846,N Hollywood
500840,Topanga
206680,Hollywood
250576,Wilshire
709187,Rampart
605698,Devonshire
177791,Pacific
454502,Central
916889,Wilshire
972718,Southeast
20133,Mission
889895,Central
350191,Rampart
713962,Central
635901,Northeast
963278,Central
953817,Hollywood
898260,Rampart
497879,N Hollywood
241394,Central
645774,Newton
146846,Rampart
257684,Rampart
848885,Foothill
272995,Mission
559750,Hollenbeck
380826,Newton
417308,Harbor
929713,West Valley
391765,Foothill
743787,Southeast
75875,Hollywood
893208,Topanga
464573,Southwest
944853,Newton
383670,Hollywood
777970,Van Nuys
209071,Harbor
857003,Rampart
886400,Hollenbeck
556071,Topanga
951782,Mission
9524,Topanga
811502,Hollenbeck
549552,Newton
183405,Harbor
26242,Newton
54640,Newton
428917,Rampart
280263,77th Street
878439,Olympic
693507,77th Street
59495,Southeast
210593,Rampart
394436,Hollywood
698156,Olympic
144153,Foothill
208623,West LA
842553,Pacific
809540,Newton
923158,Rampart
123745,Southeast
519564,Olympic
247558,Southwest
603797,Central
895173,West LA
450818,Devonshire
510504,Harbor
476238,Rampart
703430,Olympic
707295,Pacific
791746,Van Nuys
282696,Harbor
549647,Harbor
589811,Central
272870,Mission
119180,Harbor
510649,N Hollywood
114557,Pacific
255690,Devonshire
256474,Foothill
1795,Wilshire
483842,Pacific
350629,West LA
701864,Pacific
311183,Pacific
97104,Rampart
681463,N Hollywood
109193,Foothill
972868,Hollenbeck
885159,Pacific
979412,77th Street
699934,Rampart
979849,Van Nuys
559590,Foothill
844297,Northeast
200184,Van Nuys
472679,Newton
936543,Central
343757,Northeast
144463,Olympic
382398,Topanga
255847,Rampart
385927,Pacific
711755,Newton
158036,Rampart
198539,N Hollywood
228286,Hollenbeck
741394,West LA
730502,77th Street
659248,Olympic
739547,Southwest
29137,Newton
926872,Hollywood
968480,Mission
781562,Harbor
85529,Olympic
918749,West LA
970846,Wilshire
451072,West Valley
724244,Hollywood
485366,Wilshire
49752,Southeast
335238,Mission
705522,Devonshire
239528,West Valley
576513,N Hollywood
827264,Southeast
111052,West LA
429699,Foothill
680071,Central
521491,Southwest
232312,Devonshire
284334,Rampart
625826,Southeast
595738,Rampart
218619,Foothill
24619,Southeast
318285,Devonshire
272401,Hollywood
545530,Devonshire
595449,Wilshire
305083,West Valley
154332,Devonshire
852780,Central
893962,77th Street
169960,Pacific
340632,West LA
120812,Southwest
279889,Newton
692376,Southeast
821763,Harbor
670159,Hollywood
755161,Central
778369,Northeast
667353,Devonshire
128274,Olympic
503764,Newton
897098,Olympic
636094,Olympic
700314,Van Nuys
935581,Harbor
877809,N Hollywood
413776,Van Nuys
512212,Hollywood
792875,West LA
105095,Mission
147282,Southwest
891608,Southwest
936607,Northeast
241414,Mission
850147,Central
484472,Southeast
450540,Van Nuys
344540,Northeast
180652,Devonshire
805372,Hollywood
642937,Newton
653789,Southeast
705007,West LA
575501,Southwest
224446,Wilshire
477953,Wilshire
815121,Van Nuys
805918,Central
480786,Hollywood
271511,Mission
890919,Van Nuys
466527,Southeast
940691,N Hollywood
325932,Southwest
374121,77th Street
691746,Pacific
443872,Topanga
180757,Olympic
864787,Central
848406,Harbor
176986,77th Street
382771,Mission
322593,Van Nuys
394560,Hollywood
394809,Southwest
674096,Mission
348734,West LA
185153,Central
96335,Van Nuys
320428,Van Nuys
558003,Harbor
646439,Pacific
562218,West LA
214094,Hollywood
907302,Northeast
608942,Wilshire
214654,Devonshire
955199,Topanga
452389,N Hollywood
516314,Van Nuys
408056,Devonshire
854445,Foothill
199936,Central
936126,Hollywood
515685,West LA
975271,77th Street
667480,Central
790228,Rampart
509262,Van Nuys
785445,Southwest
974063,Central
580941,West Valley
709391,Northeast
327822,West Valley
755325,Van Nuys
923204,Southwest
23375,Topanga
355239,Rampart
298984,West Valley
814255,Pacific
725176,Pacific
345333,77th Street
948438,N Hollywood
216270,Hollywood
680162,Newton
443078,West LA
349848,Southwest
129976,Central
384089,N Hollywood
367274,Northeast
895991,77th Street
423816,Harbor
725453,Mission
539644,Mission
574934,West Valley
731977,Newton
562553,Mission
553476,Southeast
816408,Olympic
35842,Northeast
82792,West LA
90088,Hollenbeck
700550,Pacific
764215,Van Nuys
301832,Newton
601698,Foothill
68966,Central
980075,Harbor
972403,Newton
420078,Hollywood
780235,Harbor
12399,Mission
322997,77th Street
926931,Southwest
854264,Southwest
263018,77th Street
743735,Devonshire
415802,Mission
732367,Harbor
501429,Olympic
449712,N Hollywood
864732,Mission
457509,Mission
607039,Central
807564,Mission
667446,Central
769677,Harbor
799427,Olympic
126630,Pacific
921318,Olympic
437122,Central
972348,N Hollywood
250765,Central
812627,Pacific
380069,N Hollywood
697365,Newton
341310,Wilshire
118177,Foothill
237843,Northeast
429611,Pacific
570149,Van Nuys
637066,N Hollywood
628109,Rampart
14653,Hollywood
231431,Wilshire
783512,Hollywood
365491,West LA
179567,Van Nuys
534518,Central
682454,Newton
187796,77th Street
385809,Wilshire
160191,Central
928875,Southwest
932724,N Hollywood
931054,N Hollywood
109779,Harbor
509478,Northeast
820707,West Valley
968732,Harbor
809351,Central
556412,Hollenbeck
385381,Olympic
377401,Hollenbeck
805091,Central
617822,Hollywood
436249,Southwest
201209,Olympic
488333,77th Street
213064,Rampart
893721,Harbor
925261,Devonshire
524362,Foothill
440517,Wilshire
678839,Van Nuys
96014,West LA
157562,Harbor
773299,Hollenbeck
107106,Van Nuys
543085,Hollenbeck
943070,Harbor
689404,Olympic
745118,Central
245602,Pacific
346959,Pacific
330977,Pacific
723815,Hollywood
788245,Southeast
529980,77th Street
972332,Wilshire
513094,Rampart
970301,Hollywood
924420,Harbor
465159,Hollenbeck
494478,Mission
874614,Pacific
626109,Southwest
749925,Northeast
535718,Newton
468570,Olympic
664720,West LA
800598,Central
535412,N Hollywood
65774,Southwest
834067,Northeast
360599,Pacific
885320,Southeast
657688,Devonshire
893422,Hollywood
278620,Central
807709,Hollywood
546753,Mission
575086,Pacific
418842,77th Street
897941,Van Nuys
636681,77th Street
187463,Van Nuys
466381,N Hollywood
945634,West Valley
203883,Southeast
640330,Foothill
909417,Olympic
153523,N Hollywood
964959,Southeast
463819,77th Street
479009,Foothill
151099,Northeast
912497,Devonshire
750049,Harbor
205292,Southeast
969490,Olympic
17539,77th Street
839915,Wilshire
442280,West LA
307830,Southeast
840267,West LA
565680,West LA
79557,Olympic
700713,N Hollywood
730661,Hollywood
764908,Harbor
807179,Hollenbeck
357413,Van Nuys
850491,Hollenbeck
845084,Southeast
428115,Devonshire
278128,Northeast
412767,77th Street
828310,Central
8301,N Hollywood
669027,N Hollywood
809284,Newton
616385,Hollywood
859098,West Valley
40887,Wilshire
566427,Wilshire
976660,Foothill
911983,Newton
974055,Southwest
147056,West LA
733227,Harbor
694791,Central
493449,Central
63159,Central
776533,Pacific
482309,Northeast
773858,Olympic
27688,Central
83506,Southeast
674599,Southwest
332751,Mission
59222,West Valley
276178,Wilshire
640408,Newton
623174,Rampart
965594,77th Street
575122,Van Nuys
571242,Wilshire
460967,West LA
138045,Devonshire
867605,Hollywood
351583,Hollenbeck
453040,Van Nuys
560127,Harbor
131748,Newton
973949,77th Street
942854,Mission
735801,Wilshire
738265,West LA
264665,Pacific
492649,Van Nuys
277788,Southwest
37503,77th Street
147280,Northeast
537793,Hollenbeck
201993,Mission
446125,Rampart
128536,Pacific
804777,Rampart
856889,N Hollywood
918085,Pacific
248899,Pacific
348577,Southeast
362808,Topanga
631106,77th Street
503758,Northeast
869188,Rampart
748932,Topanga
116146,Mission
728744,Southwest
656430,Devonshire
689121,Wilshire
178644,Harbor
257361,77th Street
828687,Central
194231,Pacific
859064,77th Street
798009,N Hollywood
111230,West LA
387764,Wilshire
454541,77th Street
602508,Wilshire
890557,Topanga
82301,Pacific
304265,Hollenbeck
775853,West LA
699762,Van Nuys
333062,Rampart
437623,N Hollywood
727018,Topanga
869510,Mission
401687,Harbor
232158,Northeast
521958,Southeast
168461,Rampart
364029,Harbor
90591,Foothill
104154,Rampart
827208,Southwest
639296,West Valley
642339,Harbor
780082,Hollywood
183839,Wilshire
5709,N Hollywood
431808,Pacific
941029,Pacific
74488,N Hollywood
644655,Olympic
384559,77th Street
934023,77th Street
661751,Southwest
508304,Foothill
151083,Northeast
454472,Devonshire
365195,West LA
456518,Newton
447971,Wilshire
292738,Pacific
826779,77th Street
900015,Hollywood
194152,Olympic
132477,Hollenbeck
147953,77th Street
469013,77th Street
307189,Central
744351,Hollywood
805273,Olympic
688615,Central
596637,Wilshire
215268,Newton
436914,Southeast
468558,Topanga
354663,77th Street
470018,Southwest
892144,Southeast
932606,Northeast
83372,Wilshire
412704,Topanga
52039,Central
875468,Newton
577935,Topanga
718705,Harbor
736934,Southeast
522031,N Hollywood
795310,Mission
150803,West Valley
193236,West Valley
902963,Northeast
768839,Hollenbeck
235860,Mission
556444,N Hollywood
810970,Rampart
791350,Harbor
451626,Olympic
415880,N Hollywood
799439,West LA
863318,Pacific
427007,Hollywood
574453,77th Street
871283,Rampart
244310,West LA
426033,Mission
405431,West Valley
844749,Hollenbeck
867711,West LA
488602,Central
551667,N Hollywood
170678,Northeast
536280,N Hollywood
937251,77th Street
920962,Central
255554,77th Street
619624,Mission
552870,77th Street
618273,Southeast
861594,N Hollywood
656473,Foothill
681344,Newton
891332,Southeast
281812,Southwest
139329,Foothill
180873,Topanga
65509,N Hollywood
969945,Southeast
232075,Southwest
14131,Van Nuys
588425,Central
868140,Central
869025,Mission
567958,Harbor
402372,Southwest
817973,Rampart
392216,N Hollywood
944914,Hollywood
196525,Pacific
920094,Southwest
425299,Wilshire
909910,N Hollywood
460331,N Hollywood
679003,Mission
765192,Pacific
929773,Van Nuys
974512,Van Nuys
631926,N Hollywood
219860,West LA
221447,Wilshire
511219,Southeast
775337,Southwest
30001,Southeast
264894,Newton
511822,Southwest
268062,Pacific
799796,N Hollywood
949456,Northeast
904821,Hollywood
704575,Olympic
765142,West Valley
975143,Olympic
455935,Topanga
658223,Newton
419293,Harbor
464947,Hollenbeck
962430,N Hollywood
864588,Central
515287,West LA
327126,Hollenbeck
426988,Southwest
875363,Harbor
728339,Southwest
491395,77th Street
228924,Hollywood
960721,Olympic
678975,West Valley
84257,77th Street
378668,Van Nuys
612077,77th Street
530845,West Valley
593000,Van Nuys
671466,Southeast
370299,Harbor
455461,Mission
973649,Olympic
104311,Topanga
631803,Northeast
422044,Rampart
288458,Foothill
382603,Wilshire
5152,Northeast
471727,Harbor
334575,West LA
381125,Foothill
203395,Central
120259,77th Street
697694,Devonshire
297059,Pacific
512451,Olympic
37446,Pacific
680731,West Valley
126975,Devonshire
926711,West LA
448994,77th Street
430309,Hollenbeck
980679,77th Street
485191,West LA
361668,Newton
474165,Rampart
168725,Southwest
92400,Southwest
469987,Harbor
409196,Central
637161,Wilshire
680121,Devonshire
396907,Hollenbeck
113987,77th Street
811781,Southwest
57290,N Hollywood
863348,Southeast
406841,Central
316174,N Hollywood
964597,Wilshire
904572,Olympic
835565,Pacific
838079,N Hollywood
451130,Pacific
604556,Newton
748541,Southeast
47805,77th Street
728422,Olympic
16142,Harbor
184945,Northeast
961363,77th Street
201689,Newton
323131,Pacific
446356,Southeast
122891,N Hollywood
360890,N Hollywood
449244,Topanga
595471,Hollywood
804513,Harbor
384202,Devonshire
148908,N Hollywood
203206,Pacific
612464,Van Nuys
121142,West LA
402715,Pacific
749940,Olympic
152711,Rampart
82939,Olympic
99701,Van Nuys
614460,Wilshire
318213,Southwest
510932,West LA
265824,Newton
674578,Topanga
399315,Wilshire
137387,77th Street
251740,Harbor
42348,Wilshire
620882,Southwest
947733,Devonshire
225523,Wilshire
866877,Central
683474,West LA
750382,Hollywood
560230,Hollywood
147842,Hollywood
241430,Newton
649480,N Hollywood
222248,Mission
297111,Van Nuys
26637,Central
158738,N Hollywood
220815,Northeast
452858,Southwest
26529,Devonshire
51896,Southeast
684584,West Valley
739661,Hollywood
128043,N Hollywood
747088,Olympic
9236,Mission
324060,West LA
712805,Southeast
310664,Central
58941,Hollywood
961645,Mission
54772,Southwest
827623,Southwest
489003,Topanga
928110,Pacific
529905,Harbor
476424,Van Nuys
143249,77th Street
125488,Foothill
783380,West Valley
900511,Southeast
674351,77th Street
901505,Central
275360,Devonshire
552002,Rampart
835556,77th Street
515738,Wilshire
208051,West Valley
162910,Southeast
514202,Southwest
963222,Southeast
963802,Olympic
831821,Central
955001,Hollywood
402640,Northeast
901220,Devonshire
883172,Devonshire
648093,Devonshire
273269,West LA
968981,Rampart
655886,Wilshire
534260,Harbor
354109,N Hollywood
457473,West Valley
581654,Devonshire
694864,Hollywood
979957,Harbor
113677,Southwest
783200,Van Nuys
257905,Olympic
572749,Southwest
88881,Harbor
475755,77th Street
935251,Olympic
554435,Foothill
46269,N Hollywood
788134,West LA
544716,Wilshire
386133,Pacific
764651,Olympic
513161,Harbor
621296,Southwest
564445,77th Street
499547,Olympic
144273,West Valley
699265,Devonshire
912186,Hollywood
270515,Pacific
368646,Pacific
717240,Mission
436784,Northeast
601509,Central
167127,Pacific
700820,Rampart
337197,Hollywood
461997,N Hollywood
851472,Topanga
91382,Foothill
501835,Central
253365,Mission
825240,Northeast
48760,N Hollywood
552650,West Valley
680034,Southeast
476217,Foothill
417407,Wilshire
493978,West LA
406358,Olympic
741720,West Valley
142264,Van Nuys
919091,Devonshire
719581,Central
737756,Southwest
753504,Southwest
718529,Pacific
396059,Northeast
541782,Southwest
296343,Southeast
589748,Hollywood
976004,Mission
462029,Harbor
407491,Pacific
253169,Van Nuys
94444,Wilshire
14931,Olympic
612087,West Valley
702448,Hollywood
196617,77th Street
208685,Mission
588562,Devonshire
568591,Pacific
521370,Wilshire
129662,Mission
162240,West LA
203117,Hollenbeck
280852,Hollenbeck
755191,West LA
215968,Olympic
902227,Southwest
330283,Van Nuys
110616,77th Street
452095,West Valley
478986,Newton
62529,Topanga
873424,Southwest
73684,West Valley
48110,West LA
517181,Devonshire
980558,Topanga
839989,77th Street
380229,Pacific
63944,Newton
75379,Northeast
474397,Foothill
84093,77th Street
485554,77th Street
258583,N Hollywood
211709,Southeast
16544,West LA
89030,Rampart
979710,Rampart
172888,Rampart
82476,Olympic
343424,Hollenbeck
150738,Wilshire
882352,Topanga
616465,Southwest
178334,Southeast
588807,West Valley
787895,Hollenbeck
182227,Southeast
778999,Northeast
330357,Topanga
81487,Wilshire
216005,Northeast
967742,Northeast
892202,Newton
368934,West Valley
352338,Van Nuys
599358,Northeast
703005,Central
456859,Central
656572,Harbor
467986,Rampart
775015,Devonshire
922976,Central
500273,Mission
62670,Olympic
140220,Rampart
153579,Olympic
82486,Southwest
732018,Devonshire
973076,Hollenbeck
456974,Central
767404,Van Nuys
21427,West Valley
428478,Olympic
89209,Southeast
558917,Devonshire
170250,Central
83211,Mission
743727,Wilshire
218937,Hollenbeck
58126,Northeast
618660,Devonshire
63477,N Hollywood
502365,Mission
742280,Southwest
963518,77th Street
973065,West Valley
505476,Hollenbeck
187299,Central
388262,Southwest
465409,West LA
230884,Rampart
373396,Southwest
228231,Southwest
919264,Hollenbeck
765636,Southwest
562663,Rampart
635543,Harbor
140620,West LA
35667,Northeast
293306,Central
609219,Hollywood
351640,Mission
818776,Central
950231,Pacific
139038,77th Street
452259,Southwest
427183,Olympic
736005,West LA
73376,Olympic
771670,Southwest
618346,Wilshire
366411,Topanga
586103,Central
927641,Newton
948627,Central
188843,N Hollywood
968238,Harbor
678745,Northeast
296232,Pacific
872796,Southwest
51209,Pacific
63718,Newton
125771,Foothill
150009,West LA
600150,Foothill
517617,Olympic
917713,Devonshire
135688,Mission
454023,Olympic
100974,Harbor
462593,Southwest
754704,Van Nuys
705221,Devonshire
760609,Newton
197333,Central
444824,Newton
236329,West Valley
548667,Newton
130635,Southwest
735562,Central
971914,Central
464634,Central
546562,77th Street
261638,Van Nuys
624455,Hollywood
803439,Topanga
592934,Southwest
941530,West Valley
622210,Newton
335204,Southwest
730273,Topanga
43158,Central
530987,Devonshire
769989,Wilshire
121641,West Valley
973349,Harbor
476672,Southwest
233254,77th Street
3521,Rampart
593236,Newton
354032,Rampart
811945,Olympic
650423,Van Nuys
516905,Northeast
165659,Foothill
729046,West LA
502460,Central
602585,Southwest
825756,Pacific
61467,Hollenbeck
71551,Central
53236,Southeast
68225,Van Nuys
469968,N Hollywood
100183,Southeast
385062,Hollywood
437614,Rampart
403085,West Valley
14287,Hollywood
506639,N Hollywood
171158,Rampart
595137,Hollywood
727115,Pacific
201390,Harbor
127229,Central
206581,77th Street
485138,Newton
704221,Harbor
450339,Topanga
501057,Hollywood
391796,Harbor
235905,77th Street
980072,Olympic
595704,Harbor
465234,West LA
646131,77th Street
464073,Van Nuys
325257,Hollywood
816537,Southeast
161518,Pacific
436662,Van Nuys
494453,Rampart
721188,N Hollywood
290244,Pacific
586549,Northeast
182695,Pacific
648028,West Valley
549980,Central
924109,Pacific
235251,Foothill
145845,Hollywood
830517,Topanga
710830,Central
897781,Southwest
878733,Pacific
237791,Pacific
942008,Southeast
787729,Northeast
850574,77th Street
950351,Van Nuys
639828,Van Nuys
10745,Wilshire
678743,Northeast
629549,Central
622017,Topanga
488758,Wilshire
306185,Hollywood
891590,Central
612528,Foothill
551054,Hollywood
144038,Devonshire
377215,West LA
600444,Olympic
605684,Pacific
144310,Harbor
344571,West LA
937070,N Hollywood
790771,Rampart
49897,Foothill
576256,Olympic
788520,Devonshire
143847,N Hollywood
451777,Devonshire
931581,Mission
854889,Rampart
933951,Van Nuys
149194,Newton
318248,Devonshire
764707,Foothill
772155,Pacific
336099,77th Street
684947,N Hollywood
610915,Wilshire
641531,Pacific
980498,Southwest
283768,Rampart
577334,Topanga
190868,Hollenbeck
468859,Devonshire
520439,Devonshire
775177,Devonshire
248798,Newton
790221,Devonshire
659336,Newton
661736,Olympic
86221,West LA
265597,77th Street
185524,77th Street
963971,Wilshire
474878,Pacific
625622,Pacific
838252,77th Street
254046,Central
748859,Northeast
731542,N Hollywood
391194,Northeast
254178,Rampart
33495,Mission
44827,Southwest
392220,Central
921067,Wilshire
964737,Devonshire
214914,Foothill
539740,Devonshire
800103,Wilshire
726410,N Hollywood
915538,Rampart
785595,Topanga
162230,West Valley
872698,Central
949154,Harbor
245854,Southwest
752147,Mission
99801,Mission
280332,Harbor
665621,N Hollywood
929616,Olympic
248022,Southeast
624868,77th Street
47161,Wilshire
939755,N Hollywood
954349,Southwest
612368,Hollywood
81299,Mission
941103,Devonshire
358500,Foothill
598072,Van Nuys
408458,Hollywood
330096,Southwest
113452,West Valley
598130,77th Street
444117,Central
809150,Devonshire
804932,Olympic
812942,Newton
350716,Olympic
306175,Devonshire
971547,Newton
13149,Pacific
399138,Newton
324229,West Valley
562772,77th Street
691286,N Hollywood
700869,West LA
669123,Topanga
827464,West LA
679482,Mission
923860,Olympic
356800,Central
565894,Northeast
647105,77th Street
578232,Central
526466,Pacific
255632,Topanga
827404,Foothill
432849,West LA
488716,Olympic
343243,Wilshire
978848,Devonshire
609033,Rampart
799380,Rampart
430750,Olympic
914900,Wilshire
645636,N Hollywood
896923,Northeast
773090,77th Street
611131,Devonshire
349760,Devonshire
240906,West Valley
90278,Hollenbeck
831768,Northeast
6350,Foothill
906534,Newton
969204,77th Street
880365,Southwest
581378,Olympic
54984,West LA
882111,Harbor
685194,Rampart
665692,N Hollywood
264167,Mission
111108,Topanga
552223,Southeast
791840,77th Street
501015,Foothill
451272,Central
192704,77th Street
955283,Topanga
288750,Central
952867,Southeast
510109,Van Nuys
98195,Pacific
874618,Central
534741,Rampart
969635,West LA
33404,Northeast
598564,77th Street
424417,Pacific
240447,Rampart
135801,Northeast
596298,Topanga
912886,Hollenbeck
825082,Southwest
648359,West LA
855202,Southeast
355680,Hollenbeck
83241,Wilshire
652908,Wilshire
823533,Hollenbeck
485341,West LA
575024,Southwest
144664,Foothill
247684,Rampart
649977,Hollywood
274795,Pacific
894143,Pacific
573531,Central
99630,Pacific
804962,Topanga
803333,Rampart
379644,Northeast
168361,Central
886772,Southeast
552047,Harbor
749181,Southeast
457670,N Hollywood
273928,Northeast
961076,Pacific
109854,Mission
46755,Wilshire
271303,Pacific
149072,Mission
395721,Pacific
606627,Van Nuys
857151,Hollenbeck
301532,Devonshire
824221,Pacific
86686,77th Street
953048,Harbor
828435,Wilshire
531664,West Valley
111945,Pacific
777043,Southwest
509930,Southwest
163607,Central
709776,Topanga
274168,Van Nuys
773038,Van Nuys
556772,N Hollywood
121688,Newton
733714,Southwest
881858,Central
970321,West LA
205490,Southeast
408931,Foothill
326337,Rampart
388074,Van Nuys
161535,Van Nuys
234801,Van Nuys
570189,Harbor
405614,Van Nuys
648154,Hollywood
120877,Foothill
835332,Newton
54556,Rampart
914030,Northeast
199557,Wilshire
95596,Pacific
603849,Mission
508500,West Valley
340387,Rampart
530192,West LA
430881,Southwest
446232,Foothill
204041,Southeast
361841,Southeast
74356,Central
796832,Central
248056,Pacific
400022,Rampart
432618,Wilshire
408535,77th Street
365467,Newton
222693,West Valley
957707,Northeast
639275,Van Nuys
610444,Central
208981,Van Nuys
601703,Olympic
285737,Pacific
444988,Northeast
656581,Mission
474892,Southwest
977028,Olympic
951581,Central
285739,Harbor
81421,77th Street
158142,West LA
890760,Pacific
880188,Central
804766,Southeast
239874,Southwest
973724,Central
104242,Pacific
333773,N Hollywood
531941,77th Street
245512,West LA
764624,Hollenbeck
716114,Olympic
273297,Central
193690,Hollenbeck
71589,Hollenbeck
214347,West Valley
391005,Devonshire
156546,Hollywood
109872,Hollywood
765078,Devonshire
744987,Newton
876078,Harbor
744995,Hollenbeck
612808,Northeast
832454,West Valley
925802,Harbor
11697,Devonshire
196152,Wilshire
119501,Southwest
502483,Mission
955112,Southeast
273223,Southeast
160999,Harbor
55341,Devonshire
487616,West Valley
114536,Wilshire
957472,Southwest
840964,Topanga
205281,Northeast
520688,Southeast
127277,Northeast
587871,Harbor
649632,Pacific
974020,N Hollywood
884488,Harbor
736710,Southwest
28761,Newton
119745,77th Street
264668,77th Street
615911,N Hollywood
724655,Southwest
664596,Olympic
625368,Devonshire
82060,Central
65152,77th Street
28675,Devonshire
901234,Wilshire
547262,Van Nuys
333915,Devonshire
84519,Hollenbeck
472298,N Hollywood
209482,N Hollywood
974513,Newton
504657,Hollywood
808749,Mission
951517,77th Street
670400,West LA
719840,Rampart
290609,Southeast
303705,Southeast
316485,Rampart
766418,Olympic
69617,Hollenbeck
724661,77th Street
525200,Southwest
605199,Devonshire
718492,Pacific
591170,N Hollywood
864514,Rampart
225944,Topanga
704838,Northeast
516193,N Hollywood
782050,Hollywood
524676,Van Nuys
515764,Foothill
707821,Olympic
431334,Devonshire
668564,Wilshire
742898,N Hollywood
566584,Pacific
604114,Northeast
23183,Pacific
820360,Pacific
620947,Northeast
51253,Mission
204225,Southeast
103664,Van Nuys
30106,Southwest
692449,Northeast
667324,Pacific
968684,West LA
122928,Hollenbeck
460273,Wilshire
586682,Topanga
35799,Pacific
89140,Van Nuys
866533,N Hollywood
361831,Pacific
298279,Northeast
656131,Mission
485203,Pacific
89649,Pacific
890692,Topanga
635689,Devonshire
567204,Foothill
79203,Hollywood
781331,Hollenbeck
770915,West Valley
589997,Northeast
714919,77th Street
276332,Newton
483947,Southeast
592927,Southwest
534790,West LA
49639,Southwest
508360,N Hollywood
337297,Van Nuys
178979,Foothill
617249,West LA
301940,Mission
927733,Newton
10089,Newton
376870,Hollenbeck
863248,Topanga
386319,Mission
159062,Hollywood
609491,Southwest
595385,Hollywood
451246,77th Street
698163,Southeast
810828,Southwest
233605,Foothill
809603,N Hollywood
199203,Southwest
678982,Topanga
968080,Southeast
158120,Southwest
963342,Van Nuys
324587,Devonshire
300718,Southeast
59635,Pacific
145348,Foothill
477923,Southwest
880834,Hollywood
173936,Foothill
378995,Central
496363,Wilshire
355539,Central
840896,Wilshire
423869,Northeast
401379,Central
393127,N Hollywood
210201,Wilshire
637822,Northeast
279995,Newton
191238,Hollywood
426438,Foothill
220939,Mission
506749,Harbor
505187,N Hollywood
113388,Van Nuys
1382,West Valley
382193,Hollywood
269813,Van Nuys
882827,77th Street
173396,West LA
844283,West Valley
801780,Pacific
489375,Mission
363991,Hollywood
872590,Southeast
470602,77th Street
769692,Olympic
556730,Hollywood
230658,Southwest
792646,Harbor
65257,Topanga
733660,Central
192397,Hollenbeck
976939,N Hollywood
128073,Devonshire
840783,N Hollywood
748361,West LA
264757,Foothill
650183,77th Street
291958,Newton
81438,Northeast
972006,Harbor
663397,Mission
52222,Pacific
955114,Mission
723854,Pacific
389467,Northeast
701325,Harbor
573401,Newton
921829,77th Street
668121,Topanga
358231,Harbor
345764,Van Nuys
963733,Central
77379,Pacific
371326,Van Nuys
260995,Pacific
695453,Devonshire
923360,West Valley
659794,Central
564699,Hollywood
541940,Southwest
220401,Olympic
541201,Harbor
155125,Wilshire
273684,Southeast
830460,Southwest
844048,Hollywood
558593,77th Street
709887,Southeast
965683,Hollenbeck
941892,Wilshire
561346,Harbor
599735,Rampart
85448,N Hollywood
48867,Olympic
606142,Central
712814,Van Nuys
825364,Devonshire
172254,Northeast
598257,Devonshire
806907,Southwest
230917,Mission
305305,Southeast
653129,West LA
828639,Northeast
543209,N Hollywood
123139,Rampart
879122,West LA
474027,Hollenbeck
904818,Northeast
306887,Newton
980087,Mission
112149,West Valley
367234,Northeast
950380,Pacific
128322,West Valley
428655,Hollenbeck
595596,Harbor
567002,Southeast
638534,Harbor
218099,77th Street
406090,Hollywood
917975,Harbor
623799,77th Street
918575,Mission
851449,Hollenbeck
116650,Newton
286920,N Hollywood
489653,N Hollywood
933185,77th Street
145599,77th Street
409913,Devonshire
179130,Devonshire
407383,Central
730465,Olympic
834832,Hollywood
529735,Rampart
595740,Harbor
392451,Mission
391154,77th Street
114777,Topanga
449709,Mission
214458,Foothill
737656,Hollywood
215436,Central
507266,Hollywood
270315,Newton
652982,Hollywood
495848,N Hollywood
658978,West LA
301594,Central
769087,Wilshire
544960,Pacific
411003,Southwest
368919,Southeast
282497,Van Nuys
136141,West Valley
163644,Topanga
447706,Harbor
385280,West Valley
271172,West LA
650640,77th Street
542942,77th Street
455680,Newton
642195,Hollywood
530478,Hollenbeck
711847,N Hollywood
837786,77th Street
221822,West Valley
583790,West Valley
191559,Topanga
482416,Topanga
749688,Central
781792,Wilshire
832337,Olympic
299475,Southwest
881861,Harbor
866696,N Hollywood
702628,Northeast
712892,West LA
693037,West Valley
735653,Pacific
581058,N Hollywood
827673,Southwest
482323,Devonshire
161943,Topanga
398212,Northeast
894427,77th Street
301958,Hollywood
967204,West Valley
500781,Rampart
280988,Van Nuys
47193,Harbor
122993,Foothill
890175,Central
874466,West Valley
96032,Southeast
121200,Harbor
388291,77th Street
691467,77th Street
657970,Newton
548461,Southwest
517216,Olympic
431628,Hollywood
515601,Southeast
116003,Central
208373,77th Street
246812,Southeast
414979,West Valley
814368,77th Street
85084,Central
731212,N Hollywood
978750,Topanga
183867,Van Nuys
112055,Hollenbeck
799196,Olympic
820060,Southwest
598005,Hollywood
550858,Hollywood
973625,Harbor
438490,Foothill
566814,Southeast
506307,Central
349721,Hollenbeck
531551,Central
952771,Hollywood
784219,N Hollywood
406586,Pacific
340243,Southwest
459888,Harbor
212438,Olympic
421200,77th Street
235354,Hollenbeck
80712,N Hollywood
418720,Southwest
337127,Central
925344,Rampart
21875,Central
190253,Northeast
236775,Pacific
964306,Southeast
282007,Pacific
940654,Olympic
813731,Olympic
626469,Central
540556,Rampart
901610,Rampart
607477,Pacific
152504,West Valley
761461,Southwest
845907,Foothill
22876,Southeast
805350,Topanga
360791,Pacific
384331,Hollywood
621139,Pacific
562692,Central
361781,N Hollywood
133037,Pacific
628439,Rampart
719043,Topanga
970506,Topanga
839668,Devonshire
667116,Devonshire
278584,Pacific
759373,Southwest
314742,77th Street
530486,Southeast
596008,Central
219665,Newton
532058,Foothill
256812,Harbor
581628,Harbor
467929,Wilshire
561371,Southwest
644069,N Hollywood
39708,Devonshire
126170,Hollenbeck
281362,Topanga
365686,Foothill
351621,Devonshire
207552,Van Nuys
603427,Foothill
430327,Topanga
609881,West LA
706813,Southwest
250104,N Hollywood
193978,77th Street
880087,N Hollywood
290799,West LA
467852,Newton
747986,Hollenbeck
971238,Hollenbeck
336002,Harbor
326993,West Valley
694174,Wilshire
355807,West LA
539253,West LA
740861,Hollywood
619402,Topanga
12915,77th Street
965339,77th Street
429104,Central
531607,Hollenbeck
682898,Southeast
945568,77th Street
966353,Newton
449850,Harbor
15787,Harbor
577886,Central
489103,Hollywood
484268,Van Nuys
680886,Rampart
413800,Foothill
95664,Hollenbeck
745249,N Hollywood
809902,Harbor
250528,Wilshire
230837,Olympic
2780,77th Street
862766,Wilshire
219394,Northeast
353238,N Hollywood
907114,Southwest
757068,Southwest
122434,Wilshire
122126,Mission
240490,Hollywood
236641,Hollywood
316208,West LA
37435,West Valley
406628,Rampart
971611,Harbor
553704,Central
209763,Devonshire
408020,West LA
23852,N Hollywood
837916,Olympic
528385,West Valley
375166,N Hollywood
921026,Rampart
368991,Pacific
57152,Hollenbeck
778109,77th Street
591228,Wilshire
756417,Mission
457246,Devonshire
97323,77th Street
965467,Pacific
709495,Hollywood
517748,Van Nuys
421528,Van Nuys
280828,Harbor
202393,Wilshire
349349,Southeast
308481,Newton
934361,Hollenbeck
923712,Central
832926,Hollywood
569570,Olympic
518635,Southwest
729425,Central
245716,Topanga
679817,Hollywood
64108,Northeast
502536,Harbor
627675,Pacific
555196,Rampart
230515,Hollywood
581342,Hollywood
214047,Pacific
505232,77th Street
62153,Topanga
265757,77th Street
518155,Southwest
894363,Olympic
501595,77th Street
151730,Olympic
187116,Southeast
395132,N Hollywood
767918,Devonshire
976636,Mission
761945,Newton
879124,Devonshire
292937,Olympic
28388,West LA
875868,Hollywood
139101,Topanga
218544,Southeast
597443,Southwest
595280,N Hollywood
243811,Southwest
784948,Southwest
648065,Pacific
150077,Central
277225,Olympic
243106,Devonshire
719277,West Valley
639022,West LA
977471,Foothill
431201,Pacific
319880,Van Nuys
648941,Topanga
264142,West LA
191321,Hollenbeck
202560,Newton
612271,N Hollywood
833465,Mission
247047,N Hollywood
205930,Southwest
494397,Hollywood
647022,Southeast
450278,77th Street
947026,Topanga
70321,Olympic
109353,Hollenbeck
400589,77th Street
530118,Rampart
689240,West LA
113192,Mission
150095,Wilshire
942201,Newton
434465,Topanga
975984,Southwest
896670,Mission
857738,Northeast
325652,Southeast
806311,Central
855569,77th Street
401423,Harbor
189581,Southeast
582096,Devonshire
784997,Southeast
230029,Wilshire
245739,Hollywood
86483,Wilshire
731061,Pacific
351123,Central
560673,Rampart
320537,Pacific
317395,Foothill
970758,West Valley
79832,Foothill
779053,Rampart
650498,Southeast
336383,Wilshire
42538,West LA
424848,Mission
427679,Wilshire
202020,Harbor
961688,N Hollywood
377136,Central
493708,Northeast
327375,West Valley
329472,Devonshire
736516,N Hollywood
382220,Olympic
378881,Devonshire
317677,Hollenbeck
809155,Hollenbeck
908813,Northeast
516911,Van Nuys
189349,Southwest
602229,Olympic
817581,Central
479168,West LA
721023,Central
701557,Olympic
503284,Hollenbeck
951901,Central
153692,Pacific
884894,Mission
259085,Rampart
404730,Hollywood
407186,Foothill
889236,Newton
453973,Hollywood
516092,Foothill
966857,Foothill
979142,Central
234300,Southeast
292052,N Hollywood
780496,Harbor
798779,Newton
971118,Central
918806,Southeast
52445,Olympic
688710,Southeast
335107,Pacific
184421,Central
843660,Devonshire
334915,Central
541205,Mission
939219,West Valley
656192,Hollywood
856618,Hollywood
921202,Mission
892699,Devonshire
353603,Southeast
600422,Northeast
361113,77th Street
779404,Olympic
319944,Foothill
505029,West Valley
252313,Pacific
451244,Foothill
856844,Southwest
726714,Pacific
546432,Olympic
171355,Central
519837,Olympic
250945,Newton
340018,77th Street
836804,Rampart
742696,Mission
224530,Hollenbeck
55400,West Valley
381728,Central
615665,Wilshire
800994,West Valley
729325,Rampart
352930,Northeast
956155,Olympic
282258,Harbor
599423,Central
790349,West Valley
500076,Rampart
977881,Central
413186,Devonshire
268073,West LA
400838,77th Street
815842,Wilshire
460096,Van Nuys
365373,Van Nuys
971598,Hollywood
166657,77th Street
3130,West Valley
959345,Topanga
373945,Northeast
968270,Van Nuys
671035,Mission
530665,77th Street
734581,Topanga
208001,Rampart
910841,Wilshire
298460,Mission
69848,Van Nuys
124825,Foothill
24612,Wilshire
415555,Central
835163,Hollywood
133308,Van Nuys
16290,77th Street
72567,Van Nuys
893395,Hollywood
682745,Topanga
376765,West LA
57851,Central
641980,Pacific
967627,Devonshire
280605,Hollywood
923451,Olympic
625079,West Valley
102116,Wilshire
150417,Mission
671517,Olympic
392161,Olympic
46531,Hollywood
290144,Van Nuys
691753,Newton
899763,N Hollywood
164886,Northeast
487247,Hollywood
397669,Devonshire
506332,Hollenbeck
845224,Wilshire
173229,N Hollywood
340855,Newton
486514,Topanga
580218,Hollywood
323904,77th Street
210748,Newton
436465,Olympic
222518,Southeast
510698,77th Street
826202,West LA
632669,Rampart
687146,West Valley
45669,N Hollywood
838900,West LA
119911,Newton
285433,Hollywood
75041,West Valley
714238,Rampart
974807,Northeast
691043,West Valley
843269,Southwest
197860,Rampart
503958,Devonshire
532131,Harbor
494482,Newton
729512,Central
234663,Pacific
964227,Northeast
103639,N Hollywood
624197,N Hollywood
219647,Southwest
496636,Van Nuys
710617,Hollywood
536215,Northeast
275854,Olympic
854962,Pacific
621667,Devonshire
351342,Southwest
778145,Central
588554,Van Nuys
86077,Mission
190427,Harbor
171124,Central
392920,Pacific
336421,Wilshire
795866,Hollywood
158998,Hollywood
978394,Newton
31090,West Valley
135546,Mission
969400,Newton
876393,Pacific
499442,Topanga
581920,Newton
812492,77th Street
816330,Southeast
844754,West Valley
181568,Newton
195541,West Valley
337213,Hollenbeck
537618,77th Street
641132,West Valley
367470,Van Nuys
613689,Devonshire
978342,Central
832559,Newton
593928,Devonshire
321384,Southeast
970947,Mission
520174,Harbor
871747,Wilshire
166566,Central
722978,Central
352421,Devonshire
105143,77th Street
950105,Devonshire
738763,77th Street
945141,Northeast
189377,Central
352934,Mission
514358,Northeast
627718,N Hollywood
909813,West LA
288710,Hollywood
276540,Rampart
500023,Pacific
763855,Harbor
976835,Central
947269,N Hollywood
761387,Wilshire
473487,Rampart
453609,Newton
352368,Olympic
514457,Olympic
699217,Wilshire
940319,Wilshire
836479,Northeast
970717,West LA
776228,Mission
48266,N Hollywood
493790,Harbor
979136,77th Street
555860,N Hollywood
700161,Devonshire
891041,Southwest
659039,Central
610751,Van Nuys
598405,77th Street
609895,Wilshire
748254,Olympic
246837,Topanga
93059,West Valley
297065,Pacific
314994,Newton
274033,West LA
446807,West LA
564625,Hollenbeck
733225,West LA
261024,Southwest
564581,Hollenbeck
968377,Harbor
379247,Harbor
364586,Foothill
114152,Central
165122,Hollenbeck
181615,Devonshire
398796,N Hollywood
879280,Southwest
390077,Rampart
227428,Central
296886,Mission
564665,Hollywood
9393,Newton
486678,Devonshire
826607,West Valley
874410,Central
288479,Southwest
447176,77th Street
546872,Hollywood
263270,Pacific
971583,Topanga
97164,Foothill
194903,Newton
707345,77th Street
626324,Hollywood
970251,Central
971788,77th Street
237355,Devonshire
620340,Hollywood
327284,Devonshire
572922,Central
872885,77th Street
749643,West LA
274257,77th Street
226329,Central
664041,Central
320678,West Valley
430828,Hollenbeck
210350,Van Nuys
392804,Devonshire
683637,Hollywood
908702,Wilshire
301949,77th Street
697306,Mission
570423,77th Street
299150,Foothill
262428,Central
154716,Wilshire
546754,Newton
518008,77th Street
50853,Harbor
701075,West LA
106499,Hollenbeck
481867,Central
456854,Newton
820311,Devonshire
944205,Hollenbeck
118458,Rampart
52709,Olympic
865787,Topanga
610248,Olympic
465393,Devonshire
798200,Devonshire
760857,Southeast
489081,Olympic
61700,Southeast
416675,Southeast
584699,Hollenbeck
280135,N Hollywood
216775,Pacific
863410,Devonshire
235439,Rampart
333130,Pacific
458126,Pacific
693654,77th Street
325040,N Hollywood
261582,Topanga
548141,West LA
123620,N Hollywood
473890,N Hollywood
968921,Topanga
362327,Van Nuys
57930,Devonshire
298818,77th Street
155041,Northeast
250156,Newton
584256,Harbor
410608,Southwest
932101,West Valley
850729,Olympic
97138,West LA
942973,Pacific
54889,Hollywood
78154,Pacific
532399,77th Street
94745,Newton
289947,N Hollywood
283790,77th Street
757692,Pacific
697660,Topanga
751236,N Hollywood
62049,Topanga
250727,Harbor
143061,Olympic
488684,Northeast
245825,Wilshire
702129,Harbor
619930,Van Nuys
344317,Central
967319,Mission
263570,Central
506103,Mission
41521,Central
238606,Devonshire
425262,Devonshire
181309,Southeast
239713,Newton
234306,Southeast
1689,Wilshire
20474,Hollywood
90239,Hollenbeck
234952,N Hollywood
393000,Devonshire
953448,Pacific
560628,N Hollywood
186778,77th Street
389215,Hollenbeck
182719,Wilshire
378200,Devonshire
818101,Van Nuys
270082,Olympic
778337,N Hollywood
961000,Harbor
978421,Central
624965,77th Street
417455,Mission
918312,Southwest
758603,Southwest
731031,Central
121813,Foothill
902404,Northeast
717346,Hollenbeck
778083,Southwest
755775,Northeast
439940,Wilshire
846094,Hollenbeck
148148,Northeast
963773,N Hollywood
152191,Central
71340,Mission
69885,77th Street
939947,West Valley
615316,Southwest
1067,Topanga
841947,Foothill
677576,Southeast
466407,Harbor
403788,Southwest
399333,West LA
884756,Central
637936,Hollywood
487157,Foothill
496520,Wilshire
149740,West LA
975083,Hollenbeck
119018,Pacific
781810,Devonshire
175286,Harbor
631434,77th Street
298145,Pacific
193960,Van Nuys
501881,77th Street
305670,Foothill
265623,Olympic
607810,Hollenbeck
979951,Newton
781092,N Hollywood
259446,Olympic
469870,Northeast
148231,Mission
630436,Olympic
595605,Central
45456,N Hollywood
6986,Southeast
849835,West Valley
841402,77th Street
964751,Van Nuys
658795,Hollenbeck
67875,Pacific
734936,Central
652562,West LA
254927,Hollenbeck
220232,Van Nuys
556293,Rampart
978488,Southwest
107033,N Hollywood
436825,77th Street
596628,Hollenbeck
524235,West Valley
969614,Van Nuys
595233,West Valley
125443,Southeast
57646,Devonshire
380247,Newton
621064,Pacific
965163,N Hollywood
315194,Northeast
884692,Newton
272469,West LA
549664,West Valley
733983,Topanga
137279,Wilshire
963700,Hollenbeck
455290,Southeast
520921,Hollywood
436311,Newton
217331,Harbor
320571,Northeast
891493,Pacific
245284,Hollenbeck
411537,Southwest
19610,Wilshire
264074,Southeast
414112,Hollywood
438955,Van Nuys
955354,N Hollywood
104011,Southwest
426842,Olympic
201036,West LA
698247,Hollywood
882969,West Valley
496274,Newton
367890,Hollenbeck
943990,N Hollywood
276014,77th Street
698414,Olympic
374921,Wilshire
627224,West Valley
220504,Southwest
724732,77th Street
433164,Wilshire
465117,Southwest
282014,Van Nuys
409336,Hollenbeck
626683,Van Nuys
650632,Topanga
614347,77th Street
111524,Rampart
767241,Devonshire
852653,West Valley
542500,Devonshire
384416,77th Street
788122,Newton
409511,Rampart
366384,Southeast
561038,Mission
909729,Newton
854184,West LA
541418,West LA
233270,West LA
646856,Southwest
160970,Southwest
600974,West LA
395434,Newton
604266,West LA
184957,West LA
306369,Rampart
437916,Mission
273062,Mission
601274,West LA
302288,Hollywood
122100,Mission
348486,Olympic
240803,Topanga
58175,Foothill
937208,West Valley
546480,Hollywood
950711,West Valley
633029,Hollywood
724018,Mission
860445,Olympic
661348,Pacific
537247,Mission
762738,Foothill
409886,Central
547329,Devonshire
217885,Central
767659,Rampart
503665,Central
818661,Newton
81408,Hollywood
930881,Harbor
550830,Pacific
741924,Southwest
43173,Wilshire
894811,Pacific
571603,Olympic
637092,Southeast
979213,Southwest
283085,Central
708633,Hollywood
749558,Wilshire
558577,Southwest
337759,Olympic
288478,West LA
296100,Pacific
890212,Pacific
305247,West LA
146702,Hollenbeck
181952,77th Street
302625,Van Nuys
824359,Harbor
880917,Hollenbeck
935761,Foothill
968014,Harbor
619489,N Hollywood
724439,Southwest
71877,Southwest
398377,Devonshire
163808,Southeast
59418,N Hollywood
289596,Wilshire
134591,Newton
763719,Central
908836,Northeast
519095,Harbor
143826,Olympic
187576,Foothill
674214,Wilshire
155117,N Hollywood
751523,Wilshire
81270,Northeast
773738,Northeast
176679,Central
719460,West LA
461646,Olympic
7429,Hollywood
677867,Southwest
319124,West LA
66749,Van Nuys
667128,Pacific
524541,Central
653554,Southwest
634371,Devonshire
218855,N Hollywood
721718,Wilshire
896279,Hollywood
759255,Wilshire
111140,Hollywood
570219,West LA
325984,N Hollywood
965031,West Valley
700855,Central
827244,Central
333538,Southwest
426868,Rampart
594281,Topanga
479931,Topanga
445676,77th Street
686870,Northeast
149985,Newton
127005,Central
969475,Harbor
644857,Topanga
371731,Southeast
833030,Pacific
10164,Central
798652,Devonshire
38785,West LA
16685,Central
950639,Mission
321940,Devonshire
30579,N Hollywood
249333,Olympic
806906,Wilshire
639419,Mission
891966,Southeast
643276,Central
973250,Northeast
547132,West Valley
949412,Southwest
601389,Southwest
839131,Newton
876880,Northeast
508841,Devonshire
794156,Southwest
110742,Olympic
541923,Topanga
17356,Harbor
162629,Central
800552,Harbor
415449,Pacific
694236,Olympic
322899,West Valley
448932,Hollywood
890641,Central
505305,Mission
385402,N Hollywood
889507,Southwest
328343,Topanga
782030,Van Nuys
178999,Southeast
511071,77th Street
664884,Hollenbeck
938001,Central
779361,Rampart
235348,Topanga
354666,Central
480008,Northeast
37746,Hollywood
834159,Harbor
243102,Hollenbeck
82949,Southwest
895640,Olympic
635152,West LA
796147,West LA
523348,Newton
223713,N Hollywood
900134,Southeast
137397,Mission
968182,Southwest
729443,Harbor
638230,Hollywood
651757,Rampart
481099,Central
419810,Rampart
727907,Northeast
977278,West Valley
189000,Hollywood
783387,Hollywood
683712,Hollywood
907544,Hollenbeck
282855,N Hollywood
650220,Southeast
664479,West Valley
862453,Harbor
266017,Central
19952,Hollenbeck
381444,West LA
379239,Van Nuys
97777,77th Street
978509,West Valley
743344,Pacific
825719,West LA
758040,Rampart
240281,Northeast
440986,Central
381436,Van Nuys
811255,Hollywood
441948,77th Street
424483,Harbor
580438,Hollywood
36652,Pacific
66955,Wilshire
802966,Newton
806462,Olympic
413543,Pacific
847735,Southeast
145473,Southeast
64010,West LA
216840,Harbor
135483,Southwest
968730,Newton
373052,Newton
851134,Southwest
915608,Van Nuys
372107,West LA
568443,Central
787751,Northeast
350073,Harbor
66598,Newton
543913,Devonshire
188420,Olympic
654748,Devonshire
978681,West LA
391444,Hollywood
447480,Wilshire
622962,Northeast
110359,Foothill
163399,Van Nuys
674095,Rampart
904623,Devonshire
251017,Pacific
347269,Devonshire
431595,Wilshire
751731,West Valley
293753,Rampart
753702,Hollywood
303926,Pacific
907069,Wilshire
208636,N Hollywood
571946,Rampart
698703,Wilshire
964152,Wilshire
67792,Newton
12259,Harbor
678298,Mission
112124,Newton
609230,Pacific
932878,West Valley
806657,Topanga
526624,Newton
423946,N Hollywood
542328,77th Street
821573,Newton
869387,Southwest
723391,Hollenbeck
213803,Rampart
367145,Central
930643,Wilshire
334672,N Hollywood
799230,77th Street
194375,Central
387664,Olympic
49778,Southeast
303610,N Hollywood
851883,Olympic
796546,Southwest
791974,Topanga
419720,Topanga
664640,Rampart
40464,Southeast
637781,Harbor
287378,77th Street
707395,Southeast
814408,Central
26910,N Hollywood
238510,Newton
131784,Northeast
380135,Hollenbeck
160420,Rampart
857096,N Hollywood
954070,Rampart
412853,Central
680752,Wilshire
368080,Southwest
299749,Hollywood
626136,Olympic
709984,Van Nuys
454866,Harbor
34635,Olympic
212255,N Hollywood
386013,Rampart
271360,Northeast
116345,Newton
293337,Newton
265086,Southeast
508361,Rampart
619850,Pacific
425763,Hollenbeck
405462,Hollenbeck
260393,Rampart
25361,Southwest
330392,Central
599428,Hollenbeck
18448,Olympic
263578,Central
929458,77th Street
289154,Rampart
199859,Southeast
642936,Foothill
855596,Harbor
738027,Pacific
789138,Newton
83238,Van Nuys
842067,West LA
516694,Hollywood
667968,Pacific
8986,Olympic
450020,West LA
83063,Newton
312682,Olympic
141138,Rampart
613732,Van Nuys
151138,Southwest
114867,Devonshire
188511,Central
698124,Foothill
237438,Wilshire
223409,Mission
684973,Hollenbeck
957501,Pacific
90538,77th Street
695076,Pacific
499466,Rampart
519736,Devonshire
723655,Olympic
502092,Newton
67067,Olympic
157516,Harbor
342863,Hollywood
661849,Van Nuys
138758,77th Street
127599,Southwest
629226,Van Nuys
965548,Hollenbeck
100351,Central
209378,Pacific
610310,West LA
616291,Southwest
633751,Southeast
200201,Hollenbeck
923143,Central
833977,Central
75739,West LA
700083,Wilshire
608571,N Hollywood
367308,West Valley
53565,West Valley
12748,Southwest
208899,Devonshire
5703,Pacific
378358,Newton
881339,Southeast
70126,Foothill
659153,Devonshire
200320,Mission
80510,Central
670394,West Valley
969190,West LA
265926,West Valley
207381,N Hollywood
976050,Central
314067,Pacific
808139,Harbor
488045,Southwest
744564,77th Street
585444,N Hollywood
970287,77th Street
473055,Olympic
342746,Southeast
530129,West Valley
89521,N Hollywood
281245,Newton
97891,Rampart
296144,Van Nuys
920499,77th Street
793039,Olympic
765728,Wilshire
795884,Devonshire
263118,Wilshire
746180,Southeast
418582,Wilshire
547486,Newton
969805,Olympic
700611,Devonshire
713381,Van Nuys
116038,Newton
102953,Central
580531,Central
155158,Southwest
662143,Rampart
325709,Mission
750616,Hollenbeck
845366,Central
716908,Northeast
142647,Central
696260,Foothill
530683,Van Nuys
94972,Wilshire
624463,West LA
778940,Foothill
445428,Newton
812502,Central
823253,Olympic
488533,N Hollywood
342255,Newton
958394,Hollywood
826916,Southwest
845095,Olympic
341675,Olympic
107078,Devonshire
10785,Hollywood
385074,Newton
243437,77th Street
254859,Van Nuys
663456,Newton
738450,Van Nuys
175925,77th Street
78093,Harbor
761856,Southeast
566267,Southeast
736404,Mission
712491,Mission
666662,Rampart
536830,Newton
461445,West Valley
312507,Olympic
78519,Newton
902973,Pacific
52679,Hollenbeck
559552,Southwest
959844,N Hollywood
233208,West Valley
378165,Rampart
422969,Rampart
636539,Harbor
813476,Mission
386523,Southeast
927685,West Valley
561115,N Hollywood
835676,Rampart
380086,Northeast
174635,N Hollywood
578957,Hollywood
26981,Central
432551,77th Street
299710,West Valley
760512,Van Nuys
164160,West LA
255700,N Hollywood
623408,Mission
264364,West Valley
952821,Mission
53240,Devonshire
426365,West Valley
88713,Central
292697,Foothill
522657,Hollywood
266661,77th Street
103827,Foothill
182242,Rampart
815714,Harbor
23801,Southwest
46180,Van Nuys
690713,West Valley
104492,Mission
608297,Central
80022,Central
11873,Central
763236,Devonshire
964664,Pacific
366978,Rampart
527112,West LA
947782,Southwest
864726,Van Nuys
529240,Wilshire
655805,N Hollywood
451078,Newton
148522,Southeast
201572,Devonshire
586897,Devonshire
405116,West LA
258922,Devonshire
435266,Hollenbeck
425709,Hollywood
928448,Mission
130104,Olympic
160370,Topanga
360616,Wilshire
827708,Van Nuys
187819,Hollywood
789313,77th Street
625769,Newton
356445,Southeast
322201,Hollywood
398519,Hollywood
941278,Hollywood
964520,Hollenbeck
488507,Topanga
389065,Devonshire
590140,West Valley
309301,Rampart
977296,77th Street
481483,Wilshire
351509,Pacific
883445,Hollywood
204390,Hollenbeck
895535,N Hollywood
664014,Northeast
534186,Harbor
834779,West LA
630595,West LA
12923,West Valley
78362,West LA
446295,Southwest
83645,Northeast
77134,Central
153542,Hollenbeck
373700,N Hollywood
306273,Mission
172900,N Hollywood
107197,Topanga
153726,77th Street
776007,Central
85636,Topanga
828422,Southeast
436096,Rampart
255784,77th Street
213532,N Hollywood
833321,Southeast
826605,West Valley
216116,Rampart
705255,West Valley
933493,Pacific
199027,Northeast
344610,Rampart
650686,Topanga
82307,Southwest
757676,N Hollywood
566378,N Hollywood
694711,West Valley
104887,Van Nuys
38980,Northeast
727718,Topanga
163253,Newton
814483,Southeast
125911,Rampart
830857,Southeast
535112,Topanga
965295,Olympic
464415,Harbor
632798,77th Street
394267,Central
273651,Northeast
879757,Northeast
318709,Newton
882407,Mission
342339,Rampart
226500,Harbor
320917,Olympic
209343,West LA
86525,Topanga
440468,Hollywood
777138,Rampart
684643,N Hollywood
970592,Foothill
782203,Central
921862,Southwest
441609,Harbor
438140,Southwest
759699,Olympic
389239,Rampart
630917,Southeast
946978,West Valley
428379,West LA
774193,Olympic
407616,Mission
817390,Foothill
734071,Wilshire
102453,Wilshire
309254,N Hollywood
653654,Foothill
63517,Van Nuys
602017,West Valley
723192,N Hollywood
23194,N Hollywood
796925,Van Nuys
648480,Southwest
861631,Devonshire
682565,Newton
63494,Mission
618549,Van Nuys
470190,Central
156825,Newton
974123,Newton
344863,Foothill
355547,Southeast
971652,Rampart
612856,Van Nuys
789956,Central
609735,Topanga
451601,Rampart
115648,77th Street
561765,Mission
90796,Van Nuys
313919,Pacific
169563,77th Street
825399,Northeast
696665,West Valley
960868,Southeast
717613,Mission
371626,77th Street
304547,Pacific
784051,Rampart
296338,West LA
668190,Southwest
284963,Devonshire
919721,N Hollywood
529785,Southwest
843306,Southwest
157406,West Valley
84533,Foothill
572422,Southeast
911814,Southwest
267586,West LA
872436,Hollenbeck
453701,Newton
722358,Van Nuys
501899,Pacific
270533,Wilshire
785767,Newton
17210,Rampart
490952,77th Street
476474,Rampart
610080,77th Street
196102,Van Nuys
185104,77th Street
606150,Central
374533,Northeast
889992,Hollenbeck
151768,Devonshire
57793,Southwest
594783,Hollywood
537681,West Valley
211780,Topanga
711965,Newton
686608,Hollenbeck
180783,77th Street
627423,Hollenbeck
842023,Pacific
973479,Southwest
263424,Central
798716,Southwest
397128,Southeast
874769,77th Street
417754,Pacific
251190,Central
628954,77th Street
955578,West Valley
94460,West LA
220440,Rampart
849436,Southwest
509998,Central
791225,Pacific
127601,Harbor
373058,Newton
839419,Hollenbeck
649733,Rampart
7479,Southwest
294281,Mission
62054,Pacific
628931,Northeast
643333,West LA
712951,Central
205425,Northeast
345193,Foothill
33267,Devonshire
79251,Newton
805315,West LA
854283,Olympic
346083,Hollywood
898282,Southeast
209492,Pacific
140939,Topanga
497681,Central
221908,Rampart
145426,Mission
75432,Devonshire
90706,West Valley
370029,Northeast
980529,West Valley
790140,N Hollywood
584497,77th Street
819339,Southwest
843315,Central
415381,Rampart
799572,Van Nuys
573248,Hollywood
924157,Topanga
149035,77th Street
298838,Southwest
517346,Hollywood
725871,Pacific
719826,Olympic
499908,N Hollywood
747075,Southwest
90190,Mission
919757,Topanga
361599,Hollenbeck
454009,Devonshire
723830,Hollywood
801131,Hollenbeck
948596,West Valley
741249,Newton
923625,Rampart
629281,Devonshire
873636,Van Nuys
442943,Pacific
712803,Hollenbeck
949284,Hollywood
711925,Northeast
518011,Newton
956573,Rampart
544833,Pacific
350049,Southwest
890963,Pacific
446719,Foothill
297380,West Valley
808668,Newton
470807,77th Street
94133,Topanga
60084,Hollywood
219582,West LA
703712,Topanga
383787,N Hollywood
785045,Central
77492,Harbor
505125,Van Nuys
740040,77th Street
517480,Central
198292,Hollenbeck
103003,Southeast
112797,Northeast
508918,Harbor
614178,Central
762844,Topanga
98061,Southeast
784322,Devonshire
412228,Pacific
169861,Mission
378015,Hollywood
432709,Newton
760175,Mission
609642,West Valley
747950,Southwest
410612,Pacific
679051,Southeast
232218,Newton
685188,N Hollywood
851550,Harbor
677139,West Valley
20441,Mission
280567,Devonshire
171420,Newton
454258,Hollenbeck
272221,Van Nuys
554146,West LA
560197,Hollywood
66143,Mission
941771,Hollenbeck
668247,Hollenbeck
37761,Mission
208604,Southwest
558289,Van Nuys
398695,N Hollywood
822528,Devonshire
632093,West Valley
179369,Foothill
754695,Hollywood
858426,Topanga
614306,West Valley
300238,Topanga
467504,Central
878032,Devonshire
787018,Newton
724119,Hollywood
913710,77th Street
680797,Van Nuys
719053,Mission
235648,Hollywood
250298,West Valley
675607,Wilshire
576486,Hollywood
639316,Rampart
99087,Rampart
509880,Devonshire
722629,N Hollywood
655393,Mission
42519,Devonshire
528365,Newton
133221,Topanga
478346,Hollywood
493805,N Hollywood
309994,Mission
69989,N Hollywood
497603,Southeast
741133,Olympic
640623,Southeast
23878,Wilshire
536479,Harbor
186526,Newton
739287,Mission
80974,Central
879743,Hollywood
310276,Pacific
58329,Rampart
260456,Northeast
861144,Newton
202878,77th Street
783001,Topanga
33577,Southwest
195457,Rampart
276748,Hollywood
764791,West LA
595928,Central
230846,Central
550537,Pacific
276605,Pacific
52642,77th Street
636480,Mission
20674,Central
558579,Harbor
774832,Northeast
528234,Van Nuys
282311,77th Street
544742,Topanga
692914,Hollywood
76628,Rampart
856100,Van Nuys
723376,Van Nuys
900838,Harbor
730058,Central
68826,Foothill
300080,Topanga
797417,West Valley
976842,Devonshire
703786,Central
601239,Central
287066,Pacific
443583,Mission
55034,Southwest
737941,Van Nuys
635948,Hollenbeck
400471,Hollywood
678899,Mission
732889,Central
353252,Pacific
199153,Mission
759132,Southeast
205795,Hollywood
7086,Wilshire
583716,Southwest
172736,Northeast
296403,Topanga
77560,Southeast
511578,Van Nuys
897303,Pacific
216282,Harbor
962170,Mission
892466,West LA
199404,N Hollywood
950479,Harbor
887069,Southwest
749927,Harbor
692993,N Hollywood
209873,West Valley
673356,Topanga
239719,Olympic
864725,Northeast
537941,Foothill
847694,Van Nuys
793680,West Valley
758541,77th Street
493318,Devonshire
525723,Southwest
896960,Mission
884552,N Hollywood
539468,Hollenbeck
740860,77th Street
80956,Southeast
736612,West LA
572849,Southwest
297602,Southwest
574684,Southwest
882548,N Hollywood
325673,Topanga
85669,Olympic
256094,Southwest
404814,Harbor
702178,77th Street
308365,Olympic
773676,Harbor
881714,77th Street
936755,77th Street
84567,Hollywood
155223,Foothill
624506,West Valley
437300,Foothill
230319,N Hollywood
71299,Mission
21251,Central
570146,Southwest
274304,Southeast
59735,77th Street
667462,Central
898829,Newton
707971,Wilshire
188261,Harbor
128614,Devonshire
755154,Van Nuys
258236,77th Street
180968,Pacific
518065,Rampart
650995,Southwest
90602,Hollenbeck
723116,West LA
64977,Hollywood
702499,Hollywood
849740,Central
265237,Rampart
976896,Mission
980137,Rampart
867604,Southeast
745159,Southeast
184701,Topanga
908714,77th Street
608340,Southwest
766228,Mission
273974,West LA
45541,Central
460923,Southwest
277711,Topanga
919929,West LA
671200,West LA
244224,Wilshire
957265,Central
367667,Wilshire
345901,N Hollywood
198790,Hollenbeck
888065,West LA
487198,West Valley
682815,Pacific
527261,Van Nuys
749650,Pacific
576955,West LA
828346,N Hollywood
339054,Hollywood
459602,Foothill
977536,Hollywood
324244,West Valley
744249,Devonshire
384175,Southwest
524152,Wilshire
572811,N Hollywood
502798,Harbor
22205,Van Nuys
327426,Mission
963991,Mission
133276,Newton
259668,Southeast
868729,N Hollywood
176673,Central
675545,Olympic
441361,Central
91894,Southwest
557457,77th Street
205992,Northeast
209933,Northeast
390815,Hollywood
200063,77th Street
173589,Topanga
40098,Topanga
181563,Southeast
335191,Harbor
116827,Topanga
182029,77th Street
778119,N Hollywood
720522,N Hollywood
146286,Devonshire
136242,Hollenbeck
825643,Mission
373757,Devonshire
102431,West LA
555262,77th Street
509426,Devonshire
777816,Wilshire
563040,Wilshire
810137,Van Nuys
36527,Devonshire
25646,Hollywood
526077,77th Street
169225,77th Street
203981,Hollywood
285605,Olympic
834632,Southwest
482287,Foothill
336328,77th Street
657615,Wilshire
72922,Mission
22082,Foothill
741806,Pacific
387847,Devonshire
48533,Hollenbeck
114645,77th Street
403095,Harbor
812104,Devonshire
511895,Olympic
281026,Southeast
55614,Pacific
831222,West Valley
436294,Rampart
531784,West Valley
243715,Pacific
662008,Olympic
98026,Olympic
791649,Rampart
150546,Northeast
117941,Newton
550645,West LA
943796,N Hollywood
634139,Pacific
890278,Southwest
39791,Rampart
115986,Van Nuys
701108,Devonshire
145651,West Valley
111640,77th Street
897811,Southeast
359857,Van Nuys
710472,Van Nuys
683041,Central
961232,N Hollywood
817052,Central
536746,West LA
295526,West LA
751763,West Valley
305232,Southeast
714694,Van Nuys
482638,Foothill
401239,West LA
355182,Pacific
837186,Devonshire
248635,Hollenbeck
632045,Hollywood
955472,Southwest
947300,Devonshire
909655,Foothill
940381,Northeast
202356,Southeast
962009,Northeast
581197,West LA
489633,Harbor
752678,Olympic
857706,Southwest
498561,Foothill
619760,Devonshire
508216,Newton
589156,Southeast
904083,Pacific
605813,Northeast
933946,West LA
538304,Rampart
679420,Northeast
881218,Rampart
716974,Mission
690835,Topanga
929634,Van Nuys
632342,Central
893480,Wilshire
353330,Central
794695,Southeast
222561,Hollywood
335133,Topanga
115795,77th Street
633156,77th Street
455401,Devonshire
376151,West LA
824320,Hollenbeck
631127,West LA
23088,Wilshire
374422,Pacific
798943,Olympic
10849,77th Street
938104,Harbor
379108,Olympic
420319,Hollywood
437410,Central
369507,77th Street
273795,77th Street
354096,Central
284287,Mission
189707,Southeast
583788,Hollywood
806197,Van Nuys
510674,West LA
592528,Pacific
536951,Newton
228492,Southeast
857918,Rampart
888279,Newton
906085,Central
695025,Topanga
624701,77th Street
891797,Olympic
976320,Topanga
775383,N Hollywood
328674,Northeast
435662,Van Nuys
551736,Mission
546333,Rampart
800613,Southeast
151107,Southwest
380856,Rampart
331786,Van Nuys
339658,Foothill
802249,Mission
887747,Mission
859070,West LA
979256,Devonshire
514785,Northeast
832818,West LA
830364,Olympic
542613,West Valley
682491,Newton
551205,Northeast
398705,Hollywood
268438,Southeast
87788,Wilshire
321328,Hollenbeck
306235,Wilshire
841543,West Valley
842812,Harbor
170619,Central
676498,77th Street
42345,Southeast
324622,Hollywood
346260,Hollenbeck
666246,Southwest
725196,Mission
669610,West Valley
586656,Mission
314646,Foothill
789796,Wilshire
859128,N Hollywood
283982,West Valley
14950,Hollenbeck
586017,Northeast
431155,Hollywood
904825,Hollywood
914585,Central
205952,Pacific
94525,Pacific
761414,Mission
486016,Foothill
542189,West LA
254138,Southwest
726992,Devonshire
920132,Rampart
893868,Harbor
824453,Central
340377,Newton
23894,Central
722440,Van Nuys
253226,Southeast
6991,N Hollywood
758803,Rampart
720900,Wilshire
682563,Central
464757,Mission
436203,West LA
184851,West Valley
944614,Wilshire
328045,Harbor
194183,Van Nuys
974619,Southeast
38572,Central
428296,77th Street
244603,Olympic
80865,Pacific
866356,Topanga
878138,Central
72630,Wilshire
947341,Harbor
894687,77th Street
209568,Pacific
3225,Foothill
934762,Northeast
298081,Newton
287129,Mission
377328,Central
767221,N Hollywood
263266,Northeast
185970,Newton
605419,77th Street
809409,Hollywood
41963,West Valley
790605,Central
99860,N Hollywood
752212,Hollywood
633343,Hollywood
913788,Wilshire
561853,Southwest
484999,Mission
810441,West Valley
240994,West LA
814547,West Valley
860910,Newton
875178,77th Street
964593,Wilshire
521529,Van Nuys
44258,Pacific
44627,Hollywood
151656,Pacific
471453,Southeast
30400,Central
922133,Hollenbeck
220177,Central
817596,West Valley
590246,Newton
102208,Foothill
376899,West LA
528379,Olympic
25522,Central
181917,Devonshire
225947,Newton
979799,Hollenbeck
40537,77th Street
492721,Rampart
616603,Olympic
448783,Topanga
849547,Rampart
3382,Hollenbeck
498813,Van Nuys
956761,Central
554748,Topanga
67534,Southeast
691750,Wilshire
32338,Pacific
357078,Harbor
248028,Central
5953,Wilshire
617191,Hollywood
177512,Topanga
973833,Southwest
745679,Central
49027,West LA
893923,Harbor
902675,Devonshire
495637,Olympic
492120,Mission
601664,Southeast
536776,Pacific
301529,Southwest
312117,77th Street
972324,Southwest
537299,West Valley
302699,West LA
74134,N Hollywood
30614,Pacific
553214,Devonshire
715853,Pacific
866859,Harbor
247300,Northeast
57888,N Hollywood
423340,Van Nuys
948446,Devonshire
372092,Topanga
407159,77th Street
886733,Pacific
479288,Southwest
220517,Olympic
805157,West LA
139654,Rampart
540400,Olympic
121188,Wilshire
882979,Foothill
927040,Van Nuys
536376,Pacific
439447,Pacific
327252,Devonshire
786321,West LA
536313,77th Street
418462,Devonshire
449460,77th Street
794878,77th Street
705465,Southeast
970525,Southwest
886318,Olympic
621068,Van Nuys
118849,Northeast
94622,Rampart
673384,Topanga
891822,Newton
349719,Hollywood
681745,Van Nuys
175416,Newton
360508,Central
397254,N Hollywood
373728,Southwest
644383,West Valley
83547,Northeast
127421,Olympic
615636,Newton
238315,Southwest
689440,West Valley
112579,Southwest
201450,Central
543150,Southeast
855232,Hollywood
317829,Hollywood
291077,Van Nuys
927189,Hollenbeck
317061,Hollywood
838621,Olympic
332194,Topanga
368626,Rampart
614486,Central
802411,Olympic
861908,Harbor
903940,Hollenbeck
202463,Topanga
662521,Olympic
256038,Devonshire
911720,Foothill
128027,Hollenbeck
722152,West Valley
739194,Northeast
817890,Newton
965990,West Valley
287720,77th Street
577299,Southwest
885180,Van Nuys
455702,Harbor
978238,Devonshire
936527,77th Street
711373,Northeast
863281,Foothill
319184,Wilshire
466991,Foothill
362518,Hollywood
250855,West LA
636457,Van Nuys
566055,Central
149216,Newton
648483,Pacific
938717,Olympic
573382,Harbor
246229,Wilshire
55757,Topanga
233774,Foothill
230160,Hollywood
16383,Southwest
599691,Central
957715,Southwest
794550,N Hollywood
35589,Pacific
655548,Rampart
130454,Van Nuys
846889,Southeast
14578,Pacific
773641,Wilshire
744605,Foothill
967960,West LA
607160,Southwest
597501,Southeast
118572,Rampart
545096,West Valley
686040,Olympic
577792,Hollywood
49916,Southwest
536181,Southeast
882595,Harbor
327217,Devonshire
195740,Harbor
880269,Southeast
92283,N Hollywood
884794,Southeast
335562,Hollenbeck
967345,Van Nuys
695584,Pacific
803732,Southeast
531057,West LA
214027,Van Nuys
151718,Pacific
384513,Van Nuys
187856,Southwest
937316,Foothill
544988,Olympic
48739,Central
464488,Northeast
60927,77th Street
580252,Devonshire
106255,Olympic
746420,N Hollywood
172727,Hollywood
897580,Northeast
698781,Southwest
842102,Southwest
444621,Rampart
63655,Central
613832,West LA
512521,Topanga
528717,77th Street
573520,Northeast
268106,N Hollywood
896706,Southwest
949679,N Hollywood
879736,West LA
416597,Newton
961197,Newton
976806,West Valley
446944,Van Nuys
71413,Newton
758813,West LA
815146,Hollenbeck
757142,77th Street
556535,Wilshire
606865,Southeast
472778,Southwest
810881,West LA
565962,Devonshire
202649,Van Nuys
22495,Hollywood
341618,Southeast
299258,Hollywood
67080,Olympic
791864,Central
390510,Mission
553049,Wilshire
604739,Pacific
817238,Topanga
863154,N Hollywood
129883,Southwest
349722,Olympic
553282,Central
218220,Central
327529,West LA
293639,Harbor
721703,Southwest
550803,Olympic
758057,Newton
774691,77th Street
689434,Mission
924617,77th Street
893010,N Hollywood
627305,Southwest
161168,Wilshire
19704,Southwest
75546,Southeast
216865,Foothill
397544,West Valley
658871,77th Street
667894,Pacific
258829,Northeast
330973,Southwest
94988,Rampart
390911,Newton
868203,Hollywood
156246,Southwest
295611,Southeast
260297,Newton
513504,Southeast
785684,Devonshire
474628,Foothill
860431,N Hollywood
183682,Devonshire
575604,N Hollywood
620281,Rampart
646416,Rampart
852150,Devonshire
623471,Mission
871361,Mission
214841,West LA
413083,Pacific
666403,N Hollywood
863320,77th Street
738653,Southeast
574703,77th Street
634113,N Hollywood
254380,Rampart
757054,Mission
899118,Pacific
269730,Topanga
434664,West LA
564182,Pacific
244375,Northeast
865008,Wilshire
820246,N Hollywood
335969,Pacific
336721,Pacific
615862,Foothill
968500,West LA
202571,Newton
141360,N Hollywood
159324,West LA
911451,West Valley
937661,Northeast
958425,Newton
400766,77th Street
500721,Pacific
515853,Hollenbeck
409105,77th Street
188835,Southwest
117715,Devonshire
747701,Harbor
717118,Wilshire
60623,Mission
175701,Devonshire
976291,Hollenbeck
440836,Olympic
793772,77th Street
294920,N Hollywood
71002,N Hollywood
396898,Hollywood
128692,Hollywood
489748,Van Nuys
330218,West Valley
281981,Mission
320509,Northeast
710063,Devonshire
353310,Newton
375791,77th Street
131700,Northeast
691561,Southeast
526299,Newton
777370,Hollywood
462592,Wilshire
163077,N Hollywood
312757,N Hollywood
637671,West Valley
460546,Pacific
94281,77th Street
694655,Rampart
957589,Southwest
74352,Harbor
571235,West LA
483767,77th Street
408763,Foothill
919031,West Valley
518830,Van Nuys
454470,Topanga
676578,Northeast
312243,Hollenbeck
741439,Southeast
975305,Newton
624419,West Valley
863103,Pacific
976373,Harbor
276445,Northeast
95356,Hollywood
787005,Hollenbeck
968028,Hollywood
771021,Olympic
131394,Pacific
545348,Northeast
749359,Southwest
302856,Harbor
863489,Harbor
672410,Topanga
69550,Newton
115684,Southwest
174243,Mission
591939,West LA
699788,Hollenbeck
377244,Mission
4486,Southeast
175302,Pacific
234866,West LA
256768,Southwest
955513,Olympic
161869,Devonshire
785876,Newton
631594,Olympic
227743,Pacific
750136,Pacific
639125,Central
766450,Devonshire
657928,N Hollywood
636936,Newton
225763,Van Nuys
844242,Rampart
959500,Topanga
685748,Pacific
931329,Central
202979,Harbor
506941,Southeast
704890,Southeast
149498,N Hollywood
141174,Southwest
601898,Southeast
687720,Topanga
182894,West Valley
512747,Devonshire
973202,77th Street
521377,Central
977160,Southeast
543155,Foothill
861966,N Hollywood
580754,77th Street
448092,Rampart
977198,Devonshire
31671,Southeast
708138,Olympic
212114,Newton
228125,Pacific
678916,Newton
67948,Harbor
247533,Central
454720,N Hollywood
550943,Harbor
617471,Mission
864967,Northeast
240126,Harbor
828190,77th Street
713208,Van Nuys
825937,Van Nuys
632660,Olympic
368636,West LA
286360,Rampart
608781,Hollywood
860756,Wilshire
655573,Topanga
3396,Northeast
386807,Central
915897,West LA
420693,Olympic
84817,Olympic
268648,West LA
256120,77th Street
619663,77th Street
956059,Southeast
224513,West LA
880366,Pacific
834437,West Valley
897449,Newton
243143,Mission
256411,Pacific
900893,Rampart
325963,Central
855950,77th Street
616492,Southwest
272833,Northeast
858590,Harbor
812470,Hollenbeck
144779,Harbor
762679,Central
337118,Pacific
722327,West LA
835232,N Hollywood
464495,Rampart
331063,Central
811892,Pacific
412520,N Hollywood
801122,Harbor
664333,N Hollywood
609931,Topanga
231756,Wilshire
191474,Central
746262,77th Street
909146,Northeast
806341,Harbor
530250,Pacific
551595,N Hollywood
495946,Wilshire
412216,Mission
799082,Northeast
233455,Southeast
195745,Mission
562434,West Valley
824138,77th Street
919241,Central
979856,Hollenbeck
814867,Pacific
43227,Mission
664467,Newton
116373,Northeast
970576,Hollywood
976818,Devonshire
340028,77th Street
967845,77th Street
276836,Harbor
818990,Rampart
878388,Central
184274,Southeast
844635,Southeast
456533,Olympic
390947,West Valley
321889,Devonshire
223757,Pacific
689877,Devonshire
886570,Topanga
911059,77th Street
674758,Olympic
518329,77th Street
317957,Central
915682,West LA
100801,West Valley
590852,Southeast
741643,Southwest
55783,Central
46978,Northeast
916745,Rampart
775694,Harbor
101136,Topanga
312989,Hollywood
274413,Central
694527,Southeast
971339,Foothill
974906,Van Nuys
559814,Southwest
900480,Wilshire
445800,Devonshire
638858,Harbor
8020,Southwest
75075,Pacific
971705,Harbor
749070,Hollenbeck
584111,Northeast
131764,Southeast
620968,West Valley
521855,Pacific
714699,Newton
12293,Central
860461,Hollywood
666366,Central
540927,Van Nuys
837042,Rampart
584833,Wilshire
868731,N Hollywood
549915,N Hollywood
637511,Northeast
940337,N Hollywood
898579,N Hollywood
265025,Hollenbeck
709878,Devonshire
769108,Devonshire
482987,Olympic
702718,West LA
371954,Southwest
303719,Devonshire
959084,Southwest
238534,Central
328489,Wilshire
67642,Hollenbeck
946883,Olympic
861674,Olympic
882493,Southeast
387642,Harbor
962290,N Hollywood
115003,Devonshire
795763,Wilshire
679751,West Valley
783759,Foothill
458125,Hollywood
531706,Central
170538,N Hollywood
680638,Southwest
782800,Central
150195,Wilshire
538818,Northeast
657686,Rampart
45528,Southwest
511911,West Valley
749422,Devonshire
803763,Rampart
607883,Central
861252,Olympic
678434,Hollenbeck
745021,Foothill
118007,Olympic
972415,Devonshire
234925,Topanga
280777,Olympic
764892,Rampart
252241,Southeast
602858,Rampart
535160,Southeast
665162,Wilshire
317838,Rampart
975791,77th Street
526641,Harbor
365367,Rampart
597775,Southwest
716071,West LA
191468,Southeast
676496,Wilshire
752098,Rampart
248192,Southeast
438013,N Hollywood
977180,Wilshire
557062,Harbor
80775,Northeast
100005,Northeast
53016,N Hollywood
632161,Olympic
503369,Newton
102335,77th Street
979539,Harbor
314063,Hollywood
467606,N Hollywood
971111,Hollenbeck
486746,Central
615901,Central
390774,Wilshire
339395,77th Street
644659,Olympic
121812,N Hollywood
176987,N Hollywood
170293,Devonshire
212807,N Hollywood
445893,Wilshire
223954,Hollywood
745989,Southwest
922566,77th Street
378319,N Hollywood
369050,Foothill
972084,Southeast
112216,Southwest
305733,Central
10118,Harbor
17000,Southeast
841176,Mission
472292,Central
189896,Central
744827,Olympic
85629,Southeast
419831,Hollywood
252295,West LA
683502,Rampart
144872,Newton
432313,West LA
630985,Hollywood
705016,77th Street
377359,Northeast
547272,Southwest
898572,Devonshire
703621,West LA
361101,Southwest
493412,West LA
440945,Hollenbeck
885343,Central
634719,Southeast
965729,Southwest
707863,77th Street
214768,Harbor
843926,Rampart
96973,Hollenbeck
662726,Van Nuys
488671,West Valley
671824,Central
699003,Olympic
168431,Harbor
254018,Pacific
791812,Harbor
969837,Southwest
447443,Northeast
817098,Southeast
917204,N Hollywood
138617,Van Nuys
593899,Northeast
527814,Central
813217,West LA
335861,Harbor
724902,Olympic
170743,Van Nuys
626852,West LA
67885,Olympic
972771,Van Nuys
198413,Northeast
735192,Southeast
663994,77th Street
767790,Harbor
841934,Mission
683479,Pacific
813405,Harbor
951459,Mission
350573,Newton
859073,Rampart
943833,Foothill
847629,Mission
230912,N Hollywood
84849,Newton
662853,Southwest
740786,Wilshire
875702,Central
971929,Hollywood
155809,N Hollywood
862837,West Valley
811998,Van Nuys
533124,West Valley
44786,Olympic
123919,Central
171943,Southwest
439601,West LA
953269,77th Street
935948,Southwest
203027,77th Street
494337,Rampart
639285,Southeast
761549,Rampart
821767,West LA
493183,Northeast
232847,Newton
514044,77th Street
160871,Central
722116,Hollenbeck
574055,Foothill
573816,Pacific
439256,N Hollywood
157461,Pacific
963099,77th Street
266690,77th Street
8593,Southwest
27318,Newton
403727,Southeast
623620,Hollenbeck
61248,Harbor
619125,77th Street
12548,Van Nuys
844181,Hollywood
43234,Devonshire
615422,Van Nuys
873105,Newton
229536,N Hollywood
61152,Rampart
977707,Newton
797807,Central
498519,Newton
778022,Southeast
121045,Olympic
501832,Wilshire
975611,Southwest
69868,Mission
695921,Northeast
51064,Topanga
529768,Rampart
714441,Northeast
881905,Pacific
686716,77th Street
154906,Hollenbeck
316792,Wilshire
162916,Olympic
85916,Hollenbeck
126226,Harbor
559761,Pacific
869621,Central
241583,Wilshire
33225,Devonshire
30786,West Valley
457303,Central
518108,Olympic
503832,Central
104631,Southwest
548297,Van Nuys
645067,West LA
712467,Hollywood
210370,Southwest
618033,Hollenbeck
916832,Rampart
266847,Pacific
897299,Harbor
272664,Devonshire
132577,West LA
271486,Mission
12340,Rampart
317666,Hollenbeck
895088,N Hollywood
302516,Newton
317645,Pacific
