{
  "version": "2.2.0",
  "visualisation": {
    "nodes": [
      {
        "id": "n:1",
        "position": {
          "x": -49.33333333333333,
          "y": -71.66666666666666
        }
      },
      {
        "id": "n:2",
        "position": {
          "x": 80.5,
          "y": -71.5
        }
      },
      {
        "id": "n:3",
        "position": {
          "x": -179.48743874192857,
          "y": -71.26968179569869
        }
      },
      {
        "id": "n:4",
        "position": {
          "x": 31.119158302411247,
          "y": 14.465838056429256
        }
      },
      {
        "id": "n:5",
        "position": {
          "x": -45.24182261152545,
          "y": 82.09984972305892
        }
      },
      {
        "id": "n:6",
        "position": {
          "x": 85.2034456520473,
          "y": 80.7850693751996
        }
      }
    ]
  },
  "dataModel": {
    "version": "2.2.0",
    "graphSchemaRepresentation": {
      "version": "1.0.0",
      "graphSchema": {
        "nodeLabels": [
          {
            "$id": "nl:1",
            "token": "CrimeType",
            "properties": [
              {
                "$id": "p:1",
                "token": "CrimeId",
                "type": {
                  "type": "integer"
                },
                "nullable": true
              },
              {
                "$id": "p:2",
                "token": "Type",
                "type": {
                  "type": "string"
                },
                "nullable": true
              },
              {
                "$id": "p:3",
                "token": "Subtype",
                "type": {
                  "type": "string"
                },
                "nullable": true
              }
            ]
          },
          {
            "$id": "nl:2",
            "token": "TargetVictim",
            "properties": [
              {
                "$id": "p:4",
                "token": "VictimId",
                "type": {
                  "type": "integer"
                },
                "nullable": true
              },
              {
                "$id": "p:5",
                "token": "Age",
                "type": {
                  "type": "integer"
                },
                "nullable": true
              },
              {
                "$id": "p:6",
                "token": "Gender",
                "type": {
                  "type": "string"
                },
                "nullable": true
              },
              {
                "$id": "p:7",
                "token": "Ethnicity",
                "type": {
                  "type": "string"
                },
                "nullable": true
              }
            ]
          },
          {
            "$id": "nl:3",
            "token": "WeaponType",
            "properties": [
              {
                "$id": "p:8",
                "token": "Name",
                "type": {
                  "type": "string"
                },
                "nullable": true
              },
              {
                "$id": "p:9",
                "token": "Type",
                "type": {
                  "type": "string"
                },
                "nullable": true
              }
            ]
          },
          {
            "$id": "nl:4",
            "token": "District",
            "properties": [
              {
                "$id": "p:10",
                "token": "Name",
                "type": {
                  "type": "string"
                },
                "nullable": true
              }
            ]
          },
          {
            "$id": "nl:5",
            "token": "Street",
            "properties": [
              {
                "$id": "p:11",
                "token": "Name",
                "type": {
                  "type": "string"
                },
                "nullable": true
              }
            ]
          },
          {
            "$id": "nl:6",
            "token": "PoliceStation",
            "properties": [
              {
                "$id": "p:13",
                "token": "PoliceStationId",
                "type": {
                  "type": "integer"
                },
                "nullable": true
              },
              {
                "$id": "p:14",
                "token": "PhoneNumber",
                "type": {
                  "type": "string"
                },
                "nullable": true
              },
              {
                "$id": "p:15",
                "token": "Mail",
                "type": {
                  "type": "string"
                },
                "nullable": true
              },
              {
                "$id": "p:16",
                "token": "NumCops",
                "type": {
                  "type": "integer"
                },
                "nullable": true
              }
            ]
          }
        ],
        "relationshipTypes": [
          {
            "$id": "rt:1",
            "token": "INVOLVES",
            "properties": []
          },
          {
            "$id": "rt:2",
            "token": "USED",
            "properties": []
          },
          {
            "$id": "rt:3",
            "token": "OCCURRED_IN",
            "properties": []
          },
          {
            "$id": "rt:4",
            "token": "OCCURRED_AT",
            "properties": [
              {
                "$id": "p:12",
                "token": "DateTime",
                "type": {
                  "type": "datetime"
                },
                "nullable": true
              }
            ]
          },
          {
            "$id": "rt:5",
            "token": "IN",
            "properties": []
          },
          {
            "$id": "rt:6",
            "token": "LOCATED",
            "properties": []
          }
        ],
        "nodeObjectTypes": [
          {
            "$id": "n:1",
            "labels": [
              {
                "$ref": "#nl:1"
              }
            ]
          },
          {
            "$id": "n:2",
            "labels": [
              {
                "$ref": "#nl:2"
              }
            ]
          },
          {
            "$id": "n:3",
            "labels": [
              {
                "$ref": "#nl:3"
              }
            ]
          },
          {
            "$id": "n:4",
            "labels": [
              {
                "$ref": "#nl:4"
              }
            ]
          },
          {
            "$id": "n:5",
            "labels": [
              {
                "$ref": "#nl:5"
              }
            ]
          },
          {
            "$id": "n:6",
            "labels": [
              {
                "$ref": "#nl:6"
              }
            ]
          }
        ],
        "relationshipObjectTypes": [
          {
            "$id": "r:1",
            "type": {
              "$ref": "#rt:1"
            },
            "from": {
              "$ref": "#n:1"
            },
            "to": {
              "$ref": "#n:2"
            }
          },
          {
            "$id": "r:2",
            "type": {
              "$ref": "#rt:2"
            },
            "from": {
              "$ref": "#n:1"
            },
            "to": {
              "$ref": "#n:3"
            }
          },
          {
            "$id": "r:3",
            "type": {
              "$ref": "#rt:3"
            },
            "from": {
              "$ref": "#n:1"
            },
            "to": {
              "$ref": "#n:4"
            }
          },
          {
            "$id": "r:4",
            "type": {
              "$ref": "#rt:4"
            },
            "from": {
              "$ref": "#n:1"
            },
            "to": {
              "$ref": "#n:5"
            }
          },
          {
            "$id": "r:5",
            "type": {
              "$ref": "#rt:5"
            },
            "from": {
              "$ref": "#n:5"
            },
            "to": {
              "$ref": "#n:4"
            }
          },
          {
            "$id": "r:6",
            "type": {
              "$ref": "#rt:6"
            },
            "from": {
              "$ref": "#n:6"
            },
            "to": {
              "$ref": "#n:5"
            }
          }
        ],
        "constraints": [
          {
            "$id": "c:1",
            "name": "CrimeId_CrimeType_uniq",
            "constraintType": "uniqueness",
            "entityType": "node",
            "nodeLabel": {
              "$ref": "#nl:1"
            },
            "properties": [
              {
                "$ref": "#p:1"
              }
            ]
          },
          {
            "$id": "c:2",
            "name": "VictimId_TargetVictim_uniq",
            "constraintType": "uniqueness",
            "entityType": "node",
            "nodeLabel": {
              "$ref": "#nl:2"
            },
            "properties": [
              {
                "$ref": "#p:4"
              }
            ]
          },
          {
            "$id": "c:3",
            "name": "Name_WeaponType_uniq",
            "constraintType": "uniqueness",
            "entityType": "node",
            "nodeLabel": {
              "$ref": "#nl:3"
            },
            "properties": [
              {
                "$ref": "#p:8"
              }
            ]
          },
          {
            "$id": "c:4",
            "name": "Name_District_uniq",
            "constraintType": "uniqueness",
            "entityType": "node",
            "nodeLabel": {
              "$ref": "#nl:4"
            },
            "properties": [
              {
                "$ref": "#p:10"
              }
            ]
          },
          {
            "$id": "c:5",
            "name": "Name_Street_uniq",
            "constraintType": "uniqueness",
            "entityType": "node",
            "nodeLabel": {
              "$ref": "#nl:5"
            },
            "properties": [
              {
                "$ref": "#p:11"
              }
            ]
          },
          {
            "$id": "c:6",
            "name": "PoliceStationId_PoliceStation_uniq",
            "constraintType": "uniqueness",
            "entityType": "node",
            "nodeLabel": {
              "$ref": "#nl:6"
            },
            "properties": [
              {
                "$ref": "#p:13"
              }
            ]
          }
        ],
        "indexes": [
          {
            "$id": "i:1",
            "name": "CrimeId_CrimeType_uniq",
            "indexType": "default",
            "entityType": "node",
            "nodeLabel": {
              "$ref": "#nl:1"
            },
            "properties": [
              {
                "$ref": "#p:1"
              }
            ]
          },
          {
            "$id": "i:2",
            "name": "VictimId_TargetVictim_uniq",
            "indexType": "default",
            "entityType": "node",
            "nodeLabel": {
              "$ref": "#nl:2"
            },
            "properties": [
              {
                "$ref": "#p:4"
              }
            ]
          },
          {
            "$id": "i:3",
            "name": "Name_WeaponType_uniq",
            "indexType": "default",
            "entityType": "node",
            "nodeLabel": {
              "$ref": "#nl:3"
            },
            "properties": [
              {
                "$ref": "#p:8"
              }
            ]
          },
          {
            "$id": "i:4",
            "name": "Name_District_uniq",
            "indexType": "default",
            "entityType": "node",
            "nodeLabel": {
              "$ref": "#nl:4"
            },
            "properties": [
              {
                "$ref": "#p:10"
              }
            ]
          },
          {
            "$id": "i:5",
            "name": "Name_Street_uniq",
            "indexType": "default",
            "entityType": "node",
            "nodeLabel": {
              "$ref": "#nl:5"
            },
            "properties": [
              {
                "$ref": "#p:11"
              }
            ]
          },
          {
            "$id": "i:6",
            "name": "PoliceStationId_PoliceStation_uniq",
            "indexType": "default",
            "entityType": "node",
            "nodeLabel": {
              "$ref": "#nl:6"
            },
            "properties": [
              {
                "$ref": "#p:13"
              }
            ]
          }
        ]
      }
    },
    "graphSchemaExtensionsRepresentation": {
      "nodeKeyProperties": [
        {
          "node": {
            "$ref": "#n:1"
          },
          "keyProperty": {
            "$ref": "#p:1"
          }
        },
        {
          "node": {
            "$ref": "#n:2"
          },
          "keyProperty": {
            "$ref": "#p:4"
          }
        },
        {
          "node": {
            "$ref": "#n:3"
          },
          "keyProperty": {
            "$ref": "#p:8"
          }
        },
        {
          "node": {
            "$ref": "#n:4"
          },
          "keyProperty": {
            "$ref": "#p:10"
          }
        },
        {
          "node": {
            "$ref": "#n:5"
          },
          "keyProperty": {
            "$ref": "#p:11"
          }
        },
        {
          "node": {
            "$ref": "#n:6"
          },
          "keyProperty": {
            "$ref": "#p:13"
          }
        }
      ]
    },
    "graphMappingRepresentation": {
      "dataSourceSchema": {
        "type": "local",
        "tableSchemas": [
          {
            "name": "CrimeType.csv",
            "expanded": true,
            "fields": [
              {
                "name": "CrimeId",
                "type": "integer",
                "sample": "55700",
                "include": true
              },
              {
                "name": "Type",
                "type": "string",
                "sample": "ROBBERY",
                "include": true
              },
              {
                "name": "Subtype",
                "type": "string",
                "sample": "ROBBERY",
                "include": true
              }
            ]
          },
          {
            "name": "CrimeType_Involves_TargetVictim.csv",
            "expanded": true,
            "fields": [
              {
                "name": "CrimeId",
                "type": "integer",
                "sample": "55700",
                "include": true
              },
              {
                "name": "VictimId",
                "type": "integer",
                "sample": "55700",
                "include": true
              }
            ]
          },
          {
            "name": "CrimeType_OccurredAt_Street.csv",
            "expanded": true,
            "fields": [
              {
                "name": "CrimeId",
                "type": "integer",
                "sample": "55700",
                "include": true
              },
              {
                "name": "StreetId",
                "type": "string",
                "sample": "FIGUEROA ST",
                "include": true
              },
              {
                "name": "DateTime",
                "type": "datetime",
                "sample": "2020-08-21T23:00:00Z",
                "include": true
              }
            ]
          },
          {
            "name": "CrimeType_OccurredIn_DistrictName.csv",
            "expanded": true,
            "fields": [
              {
                "name": "CrimeId",
                "type": "integer",
                "sample": "55700",
                "include": true
              },
              {
                "name": "Name",
                "type": "string",
                "sample": "77th Street",
                "include": true
              }
            ]
          },
          {
            "name": "DistrictName.csv",
            "expanded": true,
            "fields": [
              {
                "name": "Name",
                "type": "string",
                "sample": "77th Street",
                "include": true
              }
            ]
          },
          {
            "name": "PoliceStation.csv",
            "expanded": true,
            "fields": [
              {
                "name": "PoliceStationId",
                "type": "integer",
                "sample": "1",
                "include": true
              },
              {
                "name": "PhoneNumber",
                "type": "string",
                "sample": "(213) 858-5478",
                "include": true
              },
              {
                "name": "Mail",
                "type": "string",
                "sample": "bwalker@example.com",
                "include": true
              },
              {
                "name": "NumCops",
                "type": "integer",
                "sample": "249",
                "include": true
              }
            ]
          },
          {
            "name": "Street.csv",
            "expanded": true,
            "fields": [
              {
                "name": "Name",
                "type": "string",
                "sample": "FIGUEROA ST",
                "include": true
              }
            ]
          },
          {
            "name": "Street_In_District.csv",
            "expanded": true,
            "fields": [
              {
                "name": "Street",
                "type": "string",
                "sample": "FIGUEROA ST",
                "include": true
              },
              {
                "name": "District",
                "type": "string",
                "sample": "77th Street",
                "include": true
              }
            ]
          },
          {
            "name": "Street_Located_PoliceStation.csv",
            "expanded": true,
            "fields": [
              {
                "name": "Street",
                "type": "string",
                "sample": "2175 JOHN S. GIBSON BLVD.",
                "include": true
              },
              {
                "name": "PoliceStationId",
                "type": "integer",
                "sample": "1",
                "include": true
              }
            ]
          },
          {
            "name": "TargetVictim.csv",
            "expanded": true,
            "fields": [
              {
                "name": "VictimId",
                "type": "integer",
                "sample": "55700",
                "include": true
              },
              {
                "name": "Age",
                "type": "integer",
                "sample": "22",
                "include": true
              },
              {
                "name": "Gender",
                "type": "string",
                "sample": "M",
                "include": true
              },
              {
                "name": "Ethnicity",
                "type": "string",
                "sample": "Black",
                "include": true
              }
            ]
          },
          {
            "name": "WeaponType.csv",
            "expanded": true,
            "fields": [
              {
                "name": "Name",
                "type": "string",
                "sample": "STRONG-ARM (HANDS, FIST, FEET OR BODILY FORCE)",
                "include": true
              },
              {
                "name": "Type",
                "type": "string",
                "sample": "BRUTE FORCE",
                "include": true
              }
            ]
          },
          {
            "name": "WeaponType_Used_CrimeType.csv",
            "expanded": true,
            "fields": [
              {
                "name": "Weapon",
                "type": "string",
                "sample": "STRONG-ARM (HANDS, FIST, FEET OR BODILY FORCE)",
                "include": true
              },
              {
                "name": "CrimeId",
                "type": "integer",
                "sample": "55700",
                "include": true
              }
            ]
          }
        ]
      },
      "nodeMappings": [
        {
          "node": {
            "$ref": "#n:1"
          },
          "tableName": "CrimeType.csv",
          "propertyMappings": [
            {
              "fieldName": "CrimeId",
              "property": {
                "$ref": "#p:1"
              }
            },
            {
              "fieldName": "Type",
              "property": {
                "$ref": "#p:2"
              }
            },
            {
              "fieldName": "Subtype",
              "property": {
                "$ref": "#p:3"
              }
            }
          ]
        },
        {
          "node": {
            "$ref": "#n:2"
          },
          "tableName": "TargetVictim.csv",
          "propertyMappings": [
            {
              "fieldName": "VictimId",
              "property": {
                "$ref": "#p:4"
              }
            },
            {
              "fieldName": "Age",
              "property": {
                "$ref": "#p:5"
              }
            },
            {
              "fieldName": "Gender",
              "property": {
                "$ref": "#p:6"
              }
            },
            {
              "fieldName": "Ethnicity",
              "property": {
                "$ref": "#p:7"
              }
            }
          ]
        },
        {
          "node": {
            "$ref": "#n:3"
          },
          "tableName": "WeaponType.csv",
          "propertyMappings": [
            {
              "fieldName": "Name",
              "property": {
                "$ref": "#p:8"
              }
            },
            {
              "fieldName": "Type",
              "property": {
                "$ref": "#p:9"
              }
            }
          ]
        },
        {
          "node": {
            "$ref": "#n:4"
          },
          "tableName": "DistrictName.csv",
          "propertyMappings": [
            {
              "fieldName": "Name",
              "property": {
                "$ref": "#p:10"
              }
            }
          ]
        },
        {
          "node": {
            "$ref": "#n:5"
          },
          "tableName": "Street.csv",
          "propertyMappings": [
            {
              "fieldName": "Name",
              "property": {
                "$ref": "#p:11"
              }
            }
          ]
        },
        {
          "node": {
            "$ref": "#n:6"
          },
          "tableName": "PoliceStation.csv",
          "propertyMappings": [
            {
              "fieldName": "PoliceStationId",
              "property": {
                "$ref": "#p:13"
              }
            },
            {
              "fieldName": "PhoneNumber",
              "property": {
                "$ref": "#p:14"
              }
            },
            {
              "fieldName": "Mail",
              "property": {
                "$ref": "#p:15"
              }
            },
            {
              "fieldName": "NumCops",
              "property": {
                "$ref": "#p:16"
              }
            }
          ]
        }
      ],
      "relationshipMappings": [
        {
          "relationship": {
            "$ref": "#r:1"
          },
          "tableName": "CrimeType_Involves_TargetVictim.csv",
          "propertyMappings": [],
          "fromMapping": {
            "fieldName": "CrimeId"
          },
          "toMapping": {
            "fieldName": "VictimId"
          }
        },
        {
          "relationship": {
            "$ref": "#r:2"
          },
          "tableName": "WeaponType_Used_CrimeType.csv",
          "propertyMappings": [],
          "fromMapping": {
            "fieldName": "CrimeId"
          },
          "toMapping": {
            "fieldName": "Weapon"
          }
        },
        {
          "relationship": {
            "$ref": "#r:5"
          },
          "tableName": "Street_In_District.csv",
          "propertyMappings": [],
          "fromMapping": {
            "fieldName": "Street"
          },
          "toMapping": {
            "fieldName": "District"
          }
        },
        {
          "relationship": {
            "$ref": "#r:4"
          },
          "tableName": "CrimeType_OccurredAt_Street.csv",
          "propertyMappings": [
            {
              "fieldName": "DateTime",
              "property": {
                "$ref": "#p:12"
              }
            }
          ],
          "fromMapping": {
            "fieldName": "CrimeId"
          },
          "toMapping": {
            "fieldName": "StreetId"
          }
        },
        {
          "relationship": {
            "$ref": "#r:3"
          },
          "tableName": "CrimeType_OccurredIn_DistrictName.csv",
          "propertyMappings": [],
          "fromMapping": {
            "fieldName": "CrimeId"
          },
          "toMapping": {
            "fieldName": "Name"
          }
        },
        {
          "relationship": {
            "$ref": "#r:6"
          },
          "tableName": "Street_Located_PoliceStation.csv",
          "propertyMappings": [],
          "fromMapping": {
            "fieldName": "PoliceStationId"
          },
          "toMapping": {
            "fieldName": "Street"
          }
        }
      ]
    },
    "configurations": {
      "idsToIgnore": []
    }
  }
}