VictimId,Age,Gender,Ethnicity
55700,22,M,Black
248406,0,X,Unknown
391421,45,M,White
517898,9,F,White
595455,0,X,Unknown
81658,27,M,Hispanic
554196,17,M,Hispanic
490444,43,M,Unknown
534933,32,F,Black
193762,32,M,White
895836,6,M,Unknown
249473,3,M,Black
698394,0,M,White
287699,37,F,Asian
370483,0,F,Hispanic
356874,44,M,White
196814,49,F,White
459214,24,F,Asian
413259,44,F,Hispanic
532668,19,M,Hispanic
254660,29,F,Other
628326,43,F,Hispanic
935231,0,X,Unknown
858372,36,F,Black
468775,22,M,Black
22805,44,M,Black
25633,46,M,White
138259,36,M,White
330060,99,M,Hispanic
805212,0,M,White
270118,43,M,Hispanic
246039,21,F,Other
364449,31,F,Hispanic
825269,29,M,White
820045,0,M,White
639520,7,M,Hispanic
59565,51,M,Other
169055,3,F,Black
898153,19,M,Hispanic
293844,48,F,Hispanic
796463,69,M,White
185611,41,F,Hispanic
232435,0,X,Unknown
14406,61,M,Black
294883,0,X,Unknown
592884,3,F,White
234939,45,F,Black
694109,61,F,White
943867,19,F,Hispanic
120956,0,X,Unknown
154618,22,F,White
164864,24,F,Black
169853,28,X,Unknown
552519,33,F,Asian
487638,66,F,White
76392,28,M,White
604346,19,F,Hispanic
805261,53,M,Other
290771,0,X,Unknown
906760,0,X,Unknown
51677,73,M,Black
270721,27,F,White
199167,48,M,Hispanic
156490,28,F,Asian
448576,34,F,Black
67552,45,M,Hispanic
945089,11,M,Hispanic
589342,42,F,Hispanic
641743,4,M,Hispanic
262686,61,F,Hispanic
725490,26,F,Black
146154,31,M,Other
599910,23,M,White
872974,55,M,Black
73591,0,X,Unknown
848242,64,M,Black
694953,52,M,Hispanic
792277,0,X,Unknown
200134,39,F,Hispanic
638717,39,M,Black
276114,46,M,White
812136,3,M,Black
519179,6,F,White
812445,0,X,Unknown
551997,31,F,White
395714,53,M,Black
81781,3,M,Hispanic
237494,19,M,Hispanic
377000,12,M,Hispanic
892263,47,M,White
339352,48,F,Hispanic
638934,34,M,Other
825922,37,F,Hispanic
106038,28,F,Black
459305,23,M,Hispanic
804220,5,F,Hispanic
633099,71,M,Other
582991,58,F,Hispanic
556664,0,X,Unknown
215839,0,X,Unknown
457103,33,F,Hispanic
543467,61,F,Hispanic
102224,4,F,Hispanic
859040,42,F,Hispanic
604071,0,X,Unknown
77839,21,F,Hispanic
261101,54,M,Hispanic
38252,49,M,White
865063,43,M,Black
100387,0,X,Unknown
662475,49,F,White
915993,0,X,Unknown
929911,23,F,White
779607,31,F,Black
749879,25,M,Hispanic
271034,43,F,Hispanic
527732,0,M,White
546803,41,M,Black
141223,65,M,White
521023,26,M,White
571408,51,F,Black
68557,34,F,Black
847284,0,X,Unknown
680293,32,F,Hispanic
289023,4,M,Hispanic
94597,0,X,Unknown
723429,21,M,Hispanic
544687,39,F,Hispanic
552184,0,X,Unknown
150332,54,F,Black
57324,47,M,White
943604,39,F,Other
142132,0,X,Unknown
361137,32,M,Black
80934,3,F,Hispanic
404633,64,M,White
91788,56,M,White
208204,0,X,Unknown
65312,38,F,Hispanic
944422,19,F,Black
908366,0,X,Unknown
690950,39,M,Hispanic
182634,35,M,White
571340,57,M,Hispanic
136032,3,M,Black
704650,54,F,Hispanic
952393,0,X,Unknown
497321,49,M,White
137640,62,M,Hispanic
144047,35,F,Black
484110,0,X,Unknown
213119,37,M,White
62852,35,F,Black
304014,0,X,Unknown
354391,0,X,Unknown
225641,51,M,White
697436,0,X,Unknown
580963,52,M,Hispanic
466744,3,F,Hispanic
277580,28,M,White
518067,22,F,Hispanic
639664,22,M,Other
59209,44,F,Black
817900,46,M,Other
698038,4,F,Black
939784,31,F,Hispanic
869577,0,X,Unknown
127889,31,M,Asian
786936,31,F,Black
868974,46,M,Hispanic
435340,25,F,Asian
188926,24,M,White
349968,55,F,Black
720613,0,X,Unknown
740879,0,X,Unknown
961458,75,F,Asian
447886,39,M,White
157647,44,M,White
90932,0,X,Unknown
473040,0,X,Unknown
923785,0,X,Unknown
940459,46,F,Hispanic
650637,53,M,Hispanic
624638,32,F,American Indian/Alaskan Native
302950,22,M,White
86722,68,M,Black
923563,0,X,Unknown
357720,26,X,Hispanic
214825,31,F,Hispanic
800965,4,M,Black
71116,35,M,Other
621341,0,X,Unknown
64668,0,X,Unknown
73558,55,M,White
80155,36,M,Black
583089,4,F,White
341453,61,M,White
595581,0,X,Unknown
902573,0,X,Unknown
957878,0,X,Unknown
307865,36,F,Black
350248,31,M,White
438582,4,F,Other
409294,33,F,Black
661070,0,M,Other
956901,48,F,Black
471859,37,M,White
26175,59,F,Asian
303040,31,F,Black
776025,23,F,Hispanic
437720,25,F,Hispanic
276385,71,F,White
961017,0,X,Unknown
333571,37,M,Hispanic
510146,38,M,Hispanic
485491,35,M,Hispanic
816032,18,M,Hispanic
430177,0,X,Unknown
63528,55,M,Unknown
185438,68,M,Asian
502521,32,F,Hispanic
289991,15,F,Hispanic
201177,4,M,Hispanic
86698,72,F,White
674666,68,F,Hispanic
903429,27,M,Hispanic
857180,52,F,Hispanic
619400,42,M,White
62522,48,F,Other
585901,17,F,Hispanic
237089,46,X,Unknown
670044,0,X,Unknown
806204,5,F,Hispanic
335174,33,M,Other
866694,0,X,Unknown
719841,59,F,Black
412080,28,F,White
586974,53,F,Hispanic
116807,55,F,Black
385497,45,F,Other
891001,28,M,Asian
738993,33,F,White
215352,2,M,White
295145,52,M,Hispanic
396517,0,X,Unknown
631722,58,M,Black
129033,0,X,Unknown
755200,46,F,Hispanic
533190,33,M,White
916401,76,F,Hispanic
313059,0,X,Unknown
402597,18,M,White
164973,0,X,Unknown
244808,0,X,Unknown
53180,34,M,White
777731,0,X,Unknown
876717,0,X,Unknown
806557,0,X,Unknown
295173,54,F,Other
616038,23,M,Asian
90827,27,F,Black
850566,21,F,Hispanic
394079,41,F,Hispanic
628894,0,M,Hispanic
693919,79,F,White
354407,12,F,Black
518553,0,X,Unknown
272372,59,M,Pacific Islander
744122,0,X,Unknown
726029,58,M,White
804055,46,M,Other
180023,0,M,Other
122002,57,M,Other
678042,66,F,White
676149,21,M,Hispanic
84114,17,M,Other
812103,0,F,Hispanic
466246,42,M,White
697949,0,X,Unknown
233687,34,F,Hispanic
492851,33,F,Black
315461,25,M,White
799558,18,F,White
621901,27,X,Asian
276321,44,M,Hispanic
742732,28,M,Hispanic
414718,36,M,Hispanic
288755,0,F,White
81115,41,F,Hispanic
472720,64,M,Black
586727,0,M,Other
549590,3,M,White
432485,52,F,Hispanic
41408,47,M,Hispanic
174654,0,X,Unknown
771634,42,F,White
894890,0,X,Unknown
864150,49,M,White
510268,78,F,White
943306,0,X,Unknown
48789,0,X,Unknown
433963,0,X,Unknown
287020,69,M,Other
348951,0,X,Unknown
178333,51,F,Black
781866,17,F,Hispanic
545979,49,M,Hispanic
556857,63,M,White
633985,51,F,White
685647,38,F,Black
23282,6,F,Hispanic
102594,66,M,White
196883,21,M,Hispanic
700323,22,M,Hispanic
150421,27,M,Black
118961,34,F,Hispanic
842332,0,X,Unknown
750543,3,M,Hispanic
465278,54,M,White
943883,8,M,Asian
947452,49,F,Black
112536,45,F,Black
369787,19,F,White
920575,0,X,Unknown
884093,51,M,White
377290,43,M,White
446052,28,M,Black
433239,36,F,Hispanic
930006,0,X,Unknown
551296,34,F,Black
863971,34,F,Hispanic
845914,43,F,White
70532,49,M,White
465956,42,F,Hispanic
287064,4,F,White
458270,2,M,Hispanic
369244,61,M,White
183344,0,X,Unknown
611475,46,M,Asian
302927,57,F,Black
285888,3,M,White
868004,33,F,Hispanic
925996,5,M,White
751409,33,M,Hispanic
173482,33,F,White
133949,0,M,Other
587131,46,F,Other
908088,42,M,Hispanic
338822,42,F,White
725830,24,F,Black
410913,31,F,White
470033,35,M,Unknown
186016,72,F,Black
225540,45,F,Other
152262,42,F,White
349871,42,F,White
682301,32,F,Black
297786,0,X,Unknown
807009,44,M,Hispanic
395629,78,F,Hispanic
764107,0,X,Unknown
846701,45,M,Hispanic
698919,0,M,Other
397903,0,X,Unknown
644869,0,X,Unknown
438333,0,X,Unknown
168310,0,X,Unknown
338364,41,M,White
613114,0,X,Unknown
126517,55,M,White
728203,17,F,Black
305485,0,M,Other
4994,4,F,Hispanic
422960,34,F,Black
72468,42,F,Hispanic
702958,0,X,Unknown
376258,0,X,Unknown
176957,4,F,Hispanic
292633,55,F,Black
357780,15,F,Black
942740,0,X,Unknown
774971,13,M,Hispanic
754264,36,M,Black
716546,34,F,Hispanic
70756,0,M,White
576395,58,M,White
392480,0,X,Unknown
411916,19,M,Hispanic
823517,0,X,Unknown
514488,66,M,White
420854,77,M,Black
107834,0,X,Unknown
615049,52,F,White
411982,43,M,White
333323,3,M,Hispanic
133815,43,M,White
829179,0,X,Unknown
354438,2,X,Unknown
476613,51,F,Black
785099,0,X,Unknown
288847,0,X,Unknown
814693,24,M,Hispanic
106631,13,F,Hispanic
308427,44,F,Unknown
162450,6,M,White
938712,0,X,Unknown
726425,44,F,Hispanic
478432,23,F,Black
12460,58,M,White
47660,25,F,Black
452722,52,F,Hispanic
314036,44,F,White
589590,71,F,Black
856834,34,F,White
401927,49,F,Hispanic
686933,0,X,Unknown
921673,2,F,Hispanic
564568,31,M,Black
930406,34,F,Black
589800,65,F,White
190735,49,M,Black
67804,39,M,White
54755,25,M,Unknown
460520,13,M,Hispanic
306564,28,M,White
251767,41,M,Hispanic
950813,6,F,Black
623928,0,X,Unknown
643220,0,X,Unknown
254846,27,M,Hispanic
500840,28,F,Black
206680,43,M,Hispanic
250576,47,M,Hispanic
709187,0,X,Unknown
605698,49,F,Black
177791,48,F,White
454502,67,F,Black
916889,0,X,Unknown
461437,25,F,Black
20133,58,M,Other
889895,4,M,White
350191,34,M,Hispanic
713962,0,X,Unknown
635901,0,X,Unknown
76274,14,F,Hispanic
953817,57,M,White
898260,41,M,Hispanic
497879,22,F,White
241394,66,M,Other
645774,0,X,Unknown
146846,17,F,Hispanic
257684,28,M,Hispanic
848885,29,F,Hispanic
272995,0,X,Unknown
559750,0,X,Unknown
380826,14,M,Black
417308,53,M,Hispanic
929713,0,M,Other
391765,35,M,Hispanic
743787,78,F,Black
75875,5,M,Black
893208,25,M,Unknown
464573,0,X,Unknown
944853,0,M,White
383670,32,F,White
777970,0,X,Unknown
209071,43,F,White
857003,0,X,Unknown
886400,34,F,White
556071,35,M,Unknown
951782,0,X,Unknown
9524,5,M,White
811502,0,X,Unknown
549552,66,F,Hispanic
183405,19,F,White
26242,1,M,Hispanic
54640,53,F,Black
428917,51,F,Black
280263,41,M,Hispanic
878439,35,M,White
693507,6,M,Black
59495,0,X,Unknown
210593,38,F,Hispanic
394436,0,X,Unknown
698156,0,X,Unknown
144153,0,X,Unknown
208623,0,X,Unknown
842553,41,F,Black
809540,38,F,Asian
923158,42,F,Asian
123745,29,M,Black
519564,39,F,Asian
247558,64,M,Hispanic
603797,42,M,Black
895173,35,M,White
450818,73,F,Other
510504,7,F,Hispanic
476238,33,F,White
703430,27,F,Hispanic
707295,0,X,Unknown
791746,12,F,Other
282696,0,X,Unknown
549647,0,X,Unknown
589811,38,F,White
272870,0,X,Unknown
119180,0,X,Unknown
510649,33,M,Hispanic
114557,31,F,Other
255690,0,M,Hispanic
256474,74,M,Hispanic
1795,24,F,Black
483842,81,F,White
350629,22,F,Black
701864,28,M,White
311183,25,F,White
97104,26,F,Hispanic
681463,24,M,Asian
109193,38,M,Hispanic
428395,56,F,Hispanic
885159,0,X,Unknown
731184,33,F,Black
699934,39,M,White
918437,39,F,Hispanic
559590,52,F,Hispanic
844297,0,X,Unknown
200184,27,F,Black
472679,41,M,White
936543,6,M,White
343757,39,M,Hispanic
144463,42,M,Hispanic
382398,27,M,Unknown
255847,18,F,Black
385927,87,F,White
711755,0,X,Unknown
158036,0,X,Unknown
198539,25,F,Hispanic
228286,53,M,White
741394,34,F,Asian
730502,0,X,Unknown
659248,0,X,Unknown
739547,16,M,Black
29137,26,M,Hispanic
926872,22,F,White
374311,11,M,Black
781562,4,F,Black
85529,0,X,Unknown
918749,0,X,Unknown
282620,0,M,Asian
451072,0,M,White
724244,3,M,Hispanic
485366,41,M,White
49752,24,F,Black
335238,28,M,Hispanic
705522,24,F,Hispanic
239528,31,M,Black
576513,59,F,Hispanic
827264,26,M,Hispanic
111052,68,M,White
429699,43,M,Other
680071,27,F,Hispanic
521491,21,F,White
232312,25,F,Hispanic
284334,28,F,Other
625826,0,X,Unknown
595738,23,M,White
218619,29,M,White
24619,3,M,Hispanic
318285,26,M,White
272401,34,M,Black
545530,32,F,Hispanic
595449,0,X,Unknown
305083,0,X,Unknown
154332,33,F,White
852780,25,F,Black
893962,0,F,Asian
169960,24,F,White
340632,36,M,White
120812,63,M,Black
279889,27,M,Hispanic
692376,0,X,Unknown
821763,52,M,White
670159,33,F,Hispanic
755161,42,M,White
778369,34,F,Black
667353,23,F,Other
128274,33,F,Hispanic
503764,28,M,Black
897098,34,F,Asian
636094,55,M,Asian
700314,55,M,White
935581,42,F,Hispanic
877809,66,M,Other
413776,0,X,Unknown
512212,27,F,Other
792875,37,M,Other
105095,0,X,Unknown
147282,35,F,Black
891608,37,F,Black
936607,64,M,Hispanic
241414,3,F,Hispanic
850147,39,M,Black
484472,0,X,Unknown
450540,0,X,Unknown
344540,31,F,Other
180652,49,F,White
805372,0,X,Unknown
642937,24,F,Hispanic
653789,53,F,Black
705007,51,F,White
575501,26,F,Black
224446,0,M,Other
477953,48,M,Other
815121,0,X,Unknown
805918,47,M,Other
480786,23,M,Black
271511,63,F,Hispanic
890919,36,F,White
466527,14,M,Black
940691,3,F,White
325932,67,M,Black
374121,16,F,Black
691746,32,F,Other
443872,0,M,White
180757,4,F,White
864787,4,M,Other
848406,47,F,Hispanic
176986,28,F,Black
382771,22,F,Hispanic
322593,69,M,Hispanic
394560,32,M,White
394809,88,F,Black
674096,0,X,Unknown
348734,0,X,Unknown
185153,29,M,Black
96335,36,F,Black
320428,71,M,White
558003,56,M,Hispanic
646439,68,M,Asian
562218,26,M,White
214094,41,F,White
907302,0,X,Unknown
608942,0,X,Unknown
214654,26,F,Other
955199,0,M,White
452389,44,F,Asian
516314,34,M,Hispanic
408056,32,M,Hispanic
854445,4,F,Hispanic
199936,32,M,Black
936126,27,F,White
515685,0,X,Unknown
773127,36,M,Hispanic
667480,42,M,Hispanic
790228,31,M,Hispanic
509262,55,M,Other
785445,0,X,Unknown
463978,23,F,Black
580941,63,M,White
709391,36,F,Hispanic
327822,56,F,Hispanic
755325,53,F,Other
923204,35,F,Black
23375,3,M,Hispanic
355239,24,F,Hispanic
298984,4,M,White
814255,26,M,White
725176,0,X,Unknown
345333,48,M,Black
948438,0,X,Unknown
216270,0,X,Unknown
680162,25,F,Hispanic
443078,0,X,Unknown
349848,28,M,Black
129976,5,M,Hispanic
384089,36,F,Other
367274,63,M,Hispanic
895991,0,X,Unknown
423816,54,F,Hispanic
725453,0,X,Unknown
539644,0,F,Other
574934,0,X,Unknown
731977,28,M,Hispanic
562553,0,X,Unknown
553476,37,F,Hispanic
816408,0,X,Unknown
35842,4,F,White
82792,57,M,White
90088,0,X,Unknown
700550,0,X,Unknown
764215,64,F,Hispanic
301832,0,M,White
601698,3,F,White
68966,59,M,Black
913794,25,M,Black
483753,51,M,Hispanic
420078,52,F,Hispanic
780235,0,X,Unknown
12399,46,M,Hispanic
322997,33,M,Hispanic
926931,16,M,Hispanic
854264,22,X,Unknown
263018,52,M,Black
743735,0,X,Unknown
415802,26,F,Hispanic
732367,58,M,White
501429,0,X,Unknown
449712,74,F,White
864732,0,X,Unknown
457509,52,F,Black
607039,27,F,White
807564,0,X,Unknown
667446,32,M,White
769677,47,F,Other
799427,0,X,Unknown
126630,25,F,White
921318,21,F,Hispanic
437122,0,M,Other
536551,39,F,Black
250765,0,X,Unknown
812627,57,F,White
380069,53,F,White
697365,0,M,Hispanic
341310,26,F,Asian
118177,41,F,Hispanic
237843,29,F,White
429611,64,F,White
570149,56,F,White
637066,34,F,Hispanic
628109,33,F,Black
14653,5,F,Hispanic
231431,39,M,Black
783512,64,M,Other
365491,24,F,Asian
179567,0,X,Unknown
534518,64,M,Black
682454,3,M,Other
187796,23,M,Hispanic
385809,38,M,Black
160191,51,M,Hispanic
928875,23,X,Unknown
932724,24,F,Other
931054,0,X,Unknown
109779,57,M,Black
509478,21,F,Other
820707,0,X,Unknown
348061,54,F,Hispanic
809351,0,X,Unknown
556412,3,F,Other
385381,12,F,Hispanic
377401,29,M,Hispanic
805091,29,F,White
617822,0,X,Unknown
436249,43,M,Black
201209,48,M,Pacific Islander
488333,26,M,Black
213064,0,X,Unknown
893721,0,X,Unknown
925261,27,F,Asian
524362,29,F,Hispanic
440517,0,X,Unknown
678839,41,F,White
96014,4,M,White
157562,83,M,Other
773299,19,M,White
107106,5,F,Hispanic
543085,0,X,Unknown
943070,43,M,Hispanic
689404,25,F,Hispanic
745118,65,M,White
245602,0,X,Unknown
346959,0,X,Unknown
330977,38,M,White
723815,26,M,Black
788245,31,F,Hispanic
529980,0,X,Unknown
443431,2,M,Hispanic
513094,54,F,Hispanic
284126,3,F,White
924420,0,X,Unknown
465159,0,X,Unknown
494478,3,F,Hispanic
874614,58,M,Hispanic
626109,45,M,Hispanic
749925,0,X,Unknown
535718,68,F,Hispanic
468570,55,F,Hispanic
664720,42,M,White
800598,28,F,Asian
535412,61,F,White
65774,2,F,Hispanic
834067,54,M,American Indian/Alaskan Native
360599,24,F,White
885320,0,X,Unknown
657688,29,F,White
893422,22,F,Other
278620,46,M,White
807709,35,M,White
546753,55,F,Hispanic
575086,28,M,Hispanic
418842,3,M,Black
897941,18,F,Hispanic
636681,31,F,Black
187463,42,F,Hispanic
466381,25,F,Black
945634,0,X,Unknown
203883,35,F,Black
640330,54,M,Hispanic
909417,3,M,White
153523,0,X,Unknown
180270,2,M,Hispanic
463819,0,X,Unknown
479009,38,M,Other
151099,0,X,Unknown
912497,0,X,Unknown
750049,55,F,Hispanic
205292,27,F,Black
200240,21,M,Other
17539,27,M,Black
839915,25,F,Hispanic
442280,48,M,White
307830,1,M,Hispanic
840267,0,X,Unknown
565680,65,F,White
79557,43,M,White
700713,21,F,Hispanic
730661,56,F,White
764908,0,X,Unknown
807179,0,M,Hispanic
357413,21,M,Hispanic
850491,52,F,Hispanic
845084,51,M,Black
428115,57,F,Other
278128,58,F,Hispanic
412767,53,M,Black
828310,32,F,Black
8301,34,M,Asian
669027,49,M,Black
809284,32,F,Hispanic
616385,28,M,White
859098,22,F,Hispanic
40887,48,F,Black
566427,71,F,White
795635,39,M,Other
911983,0,F,Hispanic
452954,18,M,Black
147056,0,X,Unknown
733227,34,M,Asian
694791,26,M,Black
493449,37,M,Black
63159,56,M,Black
776533,63,F,Black
482309,0,X,Unknown
773858,35,M,Hispanic
27688,0,X,Unknown
83506,0,X,Unknown
674599,0,X,Unknown
332751,3,F,Hispanic
59222,47,F,Hispanic
276178,33,M,Hispanic
640408,21,M,Hispanic
623174,34,M,White
189497,33,M,Black
575122,38,F,Other
571242,5,F,Black
460967,0,M,Other
138045,49,M,Asian
867605,28,F,Asian
351583,63,F,Hispanic
453040,0,X,Unknown
560127,41,M,Hispanic
131748,2,M,Hispanic
491275,49,F,Hispanic
942854,48,M,Unknown
735801,58,F,White
738265,0,M,Other
264665,45,M,White
492649,26,M,Black
277788,0,X,Unknown
37503,37,F,Black
147280,0,X,Unknown
537793,0,M,White
201993,27,F,Hispanic
446125,0,X,Unknown
128536,29,F,White
804777,37,M,Black
856889,0,X,Unknown
918085,47,F,Hispanic
248899,25,M,White
348577,0,X,Unknown
362808,27,M,Hispanic
631106,39,F,Hispanic
503758,0,X,Unknown
869188,0,X,Unknown
748932,4,M,Hispanic
116146,32,F,Other
728744,34,M,Hispanic
656430,35,M,White
689121,0,X,Unknown
178644,42,M,Other
257361,16,F,Other
828687,29,M,Hispanic
194231,3,M,White
859064,22,F,Hispanic
798009,45,M,White
111230,0,X,Unknown
387764,0,M,Other
454541,0,X,Unknown
602508,24,M,Other
890557,0,M,White
82301,0,X,Unknown
304265,22,F,Hispanic
775853,66,F,Asian
699762,0,X,Unknown
333062,46,F,Hispanic
437623,54,M,Hispanic
727018,0,X,Unknown
869510,23,M,Hispanic
401687,0,X,Unknown
232158,55,M,Hispanic
521958,41,F,Black
168461,46,M,Other
364029,24,M,Black
90591,34,F,Black
104154,0,X,Unknown
827208,64,M,White
639296,66,M,White
642339,0,X,Unknown
780082,36,M,Hispanic
183839,37,F,Black
5709,31,M,Other
431808,0,X,Unknown
941029,0,X,Unknown
74488,28,M,White
644655,45,M,Asian
384559,0,X,Unknown
934023,0,X,Unknown
661751,22,X,Unknown
508304,0,X,Unknown
151083,3,M,Hispanic
454472,0,X,Unknown
365195,25,M,White
456518,33,F,Black
447971,31,F,Black
292738,74,M,Other
826779,14,F,Black
900015,77,F,Black
194152,0,X,Unknown
132477,21,M,Hispanic
147953,56,F,Black
469013,34,F,Hispanic
307189,0,X,Unknown
744351,0,X,Unknown
805273,32,M,White
688615,0,X,Unknown
596637,21,F,Black
215268,34,F,Hispanic
436914,29,F,Black
468558,38,M,Hispanic
354663,47,F,Black
470018,37,F,Hispanic
892144,0,X,Unknown
932606,47,F,Hispanic
83372,0,M,Other
412704,53,M,Unknown
52039,28,M,Asian
875468,0,M,White
577935,0,M,White
718705,33,M,Hispanic
736934,23,F,Black
522031,0,M,White
795310,0,X,Unknown
150803,67,M,White
193236,58,M,White
902963,0,X,Unknown
768839,56,F,Asian
235860,39,M,Hispanic
556444,6,M,Hispanic
810970,16,M,Hispanic
791350,39,F,Black
451626,59,M,Asian
415880,42,M,Hispanic
799439,3,M,Asian
863318,26,F,Hispanic
427007,81,M,White
574453,39,F,Hispanic
871283,0,X,Unknown
244310,0,X,Unknown
426033,18,M,Hispanic
405431,0,M,White
844749,0,X,Unknown
867711,44,M,Black
488602,3,M,Asian
551667,31,F,White
170678,62,M,Hispanic
536280,3,M,White
937251,64,F,White
920962,31,F,Hispanic
255554,6,M,Black
619624,52,M,Asian
552870,52,M,Hispanic
618273,27,F,Hispanic
861594,3,F,White
656473,17,M,Hispanic
681344,17,F,Hispanic
891332,4,F,Hispanic
281812,38,F,Black
139329,34,M,White
180873,62,F,White
65509,34,M,Hispanic
403316,62,M,Hispanic
232075,0,X,Unknown
14131,57,M,White
588425,3,F,Hispanic
868140,63,M,Hispanic
869025,29,M,Hispanic
567958,29,F,Hispanic
402372,51,F,Black
817973,32,F,Black
392216,28,F,Other
944914,29,M,Hispanic
196525,31,M,Other
920094,0,X,Unknown
425299,25,F,White
909910,34,M,Hispanic
460331,0,X,Unknown
679003,63,M,White
765192,31,F,White
929773,21,F,White
537853,5,M,Pacific Islander
631926,0,X,Unknown
219860,48,M,Black
221447,0,M,Other
511219,38,M,Hispanic
775337,22,X,Unknown
30001,0,X,Unknown
264894,0,X,Unknown
511822,55,F,Black
268062,0,X,Unknown
799796,0,X,Unknown
949456,73,M,White
904821,3,M,Black
704575,3,F,White
765142,36,M,Hispanic
519899,36,F,White
455935,35,F,White
658223,26,F,Hispanic
419293,0,X,Unknown
464947,34,F,Hispanic
962430,0,X,Unknown
864588,5,M,Hispanic
515287,16,F,Black
327126,33,M,Hispanic
426988,23,F,Hispanic
875363,33,M,White
728339,24,F,Hispanic
491395,37,F,Black
228924,53,F,Hispanic
960721,0,X,Unknown
678975,0,M,White
84257,0,X,Unknown
378668,39,M,White
612077,67,M,Hispanic
530845,0,X,Unknown
593000,35,M,Hispanic
671466,0,X,Unknown
370299,38,F,Asian
455461,25,M,Hispanic
540487,41,X,Unknown
104311,56,M,Hispanic
631803,31,F,Hispanic
422044,0,X,Unknown
288458,36,M,Hispanic
382603,0,X,Unknown
5152,36,F,Hispanic
471727,84,F,White
334575,47,M,White
381125,2,F,Hispanic
203395,32,F,Hispanic
120259,27,M,Hispanic
697694,0,X,Unknown
297059,0,X,Unknown
512451,6,F,Hispanic
37446,51,M,White
680731,56,F,White
126975,41,F,Other
926711,0,X,Unknown
448994,0,X,Unknown
430309,5,F,Hispanic
910376,25,F,Black
485191,0,X,Unknown
361668,36,M,Hispanic
474165,45,F,Hispanic
168725,71,F,White
92400,2,F,White
469987,0,X,Unknown
409196,3,M,Asian
637161,42,M,White
680121,64,M,White
396907,0,X,Unknown
113987,46,F,Black
811781,33,F,Hispanic
57290,0,M,Other
863348,39,F,Hispanic
406841,28,F,Black
316174,29,F,Other
189395,35,M,Hispanic
904572,34,M,Hispanic
835565,34,F,Hispanic
838079,0,X,Unknown
451130,26,F,Black
604556,33,M,White
748541,19,F,Black
47805,67,F,Black
728422,0,X,Unknown
16142,36,M,Hispanic
184945,0,X,Unknown
961363,3,M,Black
201689,0,X,Unknown
323131,21,M,Black
446356,46,M,Black
122891,0,M,White
360890,2,F,Black
449244,38,F,Black
595471,23,F,Black
804513,38,F,Black
384202,7,F,White
148908,31,F,White
203206,58,M,White
612464,38,M,White
121142,42,F,Black
402715,36,F,Black
749940,14,F,Hispanic
152711,23,F,Hispanic
82939,3,F,White
99701,35,M,White
614460,31,F,White
318213,0,X,Unknown
510932,0,X,Unknown
265824,4,M,Other
674578,6,M,Other
399315,35,M,White
137387,15,F,Black
251740,42,F,Hispanic
42348,21,F,Hispanic
620882,35,M,Black
947733,0,X,Unknown
225523,0,X,Unknown
866877,55,M,Hispanic
683474,0,X,Unknown
750382,0,X,Unknown
560230,36,F,White
147842,36,M,White
241430,0,M,Other
649480,7,M,White
222248,41,F,Hispanic
297111,0,X,Unknown
26637,0,X,Unknown
158738,27,F,Hispanic
220815,35,F,Hispanic
452858,29,F,Hispanic
26529,0,X,Unknown
51896,0,X,Unknown
684584,37,M,White
739661,23,M,Hispanic
128043,27,F,Hispanic
747088,32,F,White
9236,46,M,Asian
324060,0,X,Unknown
712805,41,F,Hispanic
310664,0,X,Unknown
58941,0,X,Unknown
961645,72,M,Black
54772,0,X,Unknown
827623,37,M,Black
489003,5,M,White
928110,37,F,Asian
529905,0,M,Unknown
476424,4,F,Hispanic
143249,22,F,Hispanic
125488,0,X,Unknown
783380,46,M,Black
900511,0,X,Unknown
674351,54,F,Black
901505,25,F,White
275360,0,X,Unknown
552002,58,F,White
835556,0,X,Unknown
515738,29,F,White
208051,0,M,White
162910,52,F,Black
514202,38,F,Hispanic
94437,27,F,Hispanic
15667,39,F,Hispanic
831821,43,M,White
955001,35,M,Hispanic
402640,39,F,Hispanic
901220,65,M,White
883172,0,X,Unknown
648093,0,X,Unknown
273269,51,M,White
326629,2,M,Hispanic
655886,33,F,White
534260,0,X,Unknown
354109,0,X,Unknown
457473,0,X,Unknown
581654,29,F,Other
694864,0,X,Unknown
888089,9,M,Hispanic
113677,56,M,Hispanic
783200,57,F,White
257905,26,F,Asian
572749,0,X,Unknown
88881,9,F,White
475755,44,F,Hispanic
935251,32,F,White
554435,0,X,Unknown
46269,28,F,Hispanic
788134,83,F,White
544716,54,F,Hispanic
386133,29,M,Other
764651,36,M,Hispanic
513161,31,F,White
621296,63,M,Other
564445,0,X,Unknown
499547,24,F,Black
144273,0,X,Unknown
699265,34,F,White
912186,3,M,White
270515,35,M,Hispanic
368646,0,X,Unknown
717240,67,F,Hispanic
436784,36,F,Hispanic
601509,0,M,Other
167127,4,F,White
700820,41,M,Black
337197,33,M,Hispanic
461997,0,X,Unknown
851472,15,F,Hispanic
91382,37,F,Hispanic
501835,73,F,Other
253365,63,M,Other
825240,15,M,Hispanic
48760,52,F,Hispanic
552650,41,F,Other
680034,34,F,Black
476217,64,F,Hispanic
417407,65,M,Black
493978,84,F,White
406358,57,F,Hispanic
741720,4,F,Hispanic
142264,41,F,White
919091,0,X,Unknown
719581,29,F,White
737756,23,M,Asian
753504,0,X,Unknown
718529,0,X,Unknown
396059,39,F,Hispanic
541782,6,F,Black
296343,0,X,Unknown
589748,21,F,Black
670146,65,F,Hispanic
462029,55,F,White
407491,23,M,Other
253169,0,X,Unknown
94444,34,F,Black
14931,22,F,Hispanic
612087,31,F,Hispanic
702448,0,X,Unknown
196617,24,M,Hispanic
208685,52,M,Hispanic
588562,36,F,Hispanic
568591,0,X,Unknown
521370,3,F,Asian
129662,0,X,Unknown
162240,38,M,Hispanic
203117,62,M,Hispanic
280852,43,M,Black
755191,25,M,White
215968,0,X,Unknown
902227,23,X,Unknown
330283,34,F,Black
110616,26,F,Hispanic
452095,61,F,White
478986,0,F,Black
62529,4,F,Black
873424,27,F,Hispanic
73684,44,F,Other
48110,5,M,White
517181,15,F,Hispanic
878099,34,M,Asian
839989,0,X,Unknown
380229,0,X,Unknown
63944,37,M,Hispanic
75379,0,X,Unknown
474397,35,M,Hispanic
84093,65,M,Black
485554,42,M,Black
258583,4,M,White
211709,5,M,Black
16544,49,M,White
89030,29,F,White
937201,33,M,Hispanic
172888,0,X,Unknown
82476,5,M,Hispanic
343424,0,X,Unknown
150738,35,F,Hispanic
882352,2,F,White
616465,29,F,Black
178334,0,X,Unknown
588807,37,M,White
787895,0,X,Unknown
182227,33,M,Hispanic
778999,42,F,Hispanic
330357,0,X,Unknown
81487,22,F,Other
216005,3,M,Hispanic
283291,85,M,Asian
892202,0,X,Unknown
368934,51,F,White
352338,33,F,Other
599358,0,X,Unknown
703005,55,F,White
456859,35,F,Black
656572,34,F,White
467986,36,F,Hispanic
775015,38,F,Hispanic
922976,65,F,Black
500273,59,F,Asian
62670,29,M,Asian
140220,29,M,Hispanic
153579,26,F,Hispanic
82486,19,X,Unknown
732018,39,F,White
576880,9,F,Hispanic
456974,24,M,Hispanic
767404,33,M,White
21427,28,M,Other
428478,23,F,Black
89209,4,F,Black
558917,6,M,Other
170250,0,X,Unknown
83211,25,F,Hispanic
743727,41,M,Asian
218937,0,X,Unknown
58126,15,M,White
618660,0,X,Unknown
63477,0,M,Other
502365,29,F,Other
742280,0,X,Unknown
18280,33,F,Black
414421,24,F,Hispanic
505476,28,M,Hispanic
187299,65,M,Hispanic
388262,34,F,Hispanic
465409,28,M,White
230884,0,X,Unknown
373396,39,F,Hispanic
228231,2,X,Unknown
919264,0,X,Unknown
765636,0,X,Unknown
562663,24,M,Hispanic
635543,37,F,White
140620,0,X,Unknown
35667,0,X,Unknown
293306,33,M,White
609219,54,M,White
351640,47,F,Hispanic
818776,0,X,Unknown
950231,3,M,White
139038,3,F,Black
452259,49,F,Hispanic
427183,22,M,Asian
736005,57,M,White
73376,46,F,Other
771670,38,M,Hispanic
618346,48,M,Hispanic
366411,42,M,Hispanic
586103,27,F,Hispanic
927641,33,M,Hispanic
948627,0,X,Unknown
188843,31,M,White
230639,66,M,White
678745,29,M,Unknown
296232,54,M,White
872796,21,F,Asian
51209,0,X,Unknown
63718,0,X,Unknown
125771,17,M,Hispanic
150009,49,M,White
600150,0,X,Unknown
517617,24,M,Hispanic
917713,0,X,Unknown
135688,46,M,Hispanic
454023,27,M,Hispanic
100974,3,M,White
462593,37,M,Asian
754704,31,F,White
705221,0,X,Unknown
760609,48,M,White
197333,58,M,White
444824,13,M,Hispanic
236329,53,F,White
548667,0,X,Unknown
130635,0,X,Unknown
735562,26,M,Hispanic
516888,27,M,Asian
464634,28,F,White
546562,0,X,Unknown
261638,0,X,Unknown
624455,0,X,Unknown
803439,61,M,Hispanic
592934,38,F,Hispanic
941530,0,M,White
622210,0,M,Hispanic
335204,39,F,Hispanic
730273,5,M,White
43158,46,M,Black
530987,32,M,Hispanic
769989,0,X,Unknown
121641,22,M,White
630338,22,M,Hispanic
476672,54,F,Black
233254,54,M,Other
3521,0,X,Unknown
593236,0,M,White
354032,64,M,Hispanic
811945,45,M,Hispanic
650423,61,F,White
516905,0,X,Unknown
165659,7,F,Hispanic
729046,64,M,Other
502460,46,M,White
602585,21,X,Unknown
825756,0,X,Unknown
61467,0,X,Unknown
71551,55,M,Hispanic
53236,0,X,Unknown
68225,63,M,White
469968,0,X,Unknown
100183,58,F,Black
385062,18,F,White
437614,29,F,Hispanic
403085,57,M,Asian
14287,26,F,White
506639,67,F,Other
171158,2,F,White
595137,34,F,Other
727115,0,X,Unknown
201390,47,M,White
127229,35,F,Asian
206581,34,F,Black
485138,37,M,Hispanic
704221,0,X,Unknown
450339,0,M,White
501057,0,X,Unknown
391796,6,F,White
235905,0,X,Unknown
914988,69,M,Asian
595704,39,F,Asian
465234,31,F,Hispanic
646131,44,F,Black
464073,0,X,Unknown
325257,0,X,Unknown
816537,25,M,Hispanic
161518,0,X,Unknown
436662,36,F,White
494453,49,M,Other
721188,25,M,Hispanic
290244,33,F,White
586549,0,X,Unknown
182695,38,F,White
648028,48,F,Hispanic
549980,34,F,Black
924109,22,F,Black
235251,0,M,White
145845,31,M,White
830517,49,M,Other
710830,59,M,Black
897781,13,F,Hispanic
878733,7,M,Black
237791,0,M,Other
942008,19,F,Hispanic
787729,47,M,White
850574,27,M,Hispanic
950351,68,F,White
639828,22,M,Hispanic
10745,66,M,White
678743,41,F,Hispanic
629549,57,M,Other
622017,45,M,Other
488758,39,M,Hispanic
306185,41,M,Black
891590,0,X,Unknown
612528,37,F,Hispanic
551054,0,X,Unknown
144038,36,F,Other
377215,28,M,Black
600444,47,M,Hispanic
605684,54,M,Asian
144310,0,M,Other
344571,26,X,Unknown
937070,5,M,White
790771,39,F,White
49897,0,X,Unknown
576256,0,X,Unknown
788520,65,F,White
143847,47,M,Black
451777,21,M,White
931581,0,X,Unknown
854889,53,M,Hispanic
933951,3,F,White
149194,45,M,Hispanic
318248,0,X,Unknown
764707,1,F,Hispanic
772155,29,M,Asian
336099,0,X,Unknown
684947,36,M,White
610915,0,X,Unknown
641531,73,M,White
880629,23,M,Hispanic
283768,35,M,Hispanic
577334,71,F,Other
190868,0,X,Unknown
468859,71,M,Other
520439,35,M,Hispanic
775177,44,M,Hispanic
248798,38,M,Hispanic
790221,31,X,Hispanic
659336,44,M,Other
661736,0,X,Unknown
86221,42,M,White
265597,38,M,Hispanic
185524,22,M,Black
58206,4,M,Asian
474878,0,X,Unknown
625622,51,F,Black
838252,46,F,Black
254046,4,F,Hispanic
748859,25,F,Hispanic
731542,67,M,White
391194,0,X,Unknown
254178,18,F,Black
33495,54,F,White
44827,27,F,Hispanic
392220,49,M,Hispanic
921067,28,F,Asian
53319,74,F,Other
214914,11,M,Hispanic
539740,19,M,Hispanic
800103,0,X,Unknown
726410,27,F,Hispanic
915538,59,F,Black
785595,26,M,Hispanic
162230,36,M,White
872698,54,M,Hispanic
949154,0,X,Unknown
245854,24,F,Hispanic
752147,0,X,Unknown
99801,41,F,Hispanic
280332,0,X,Unknown
665621,61,M,White
929616,0,X,Unknown
248022,4,F,Black
624868,22,F,Black
47161,32,M,Hispanic
939755,25,F,White
954349,23,X,Unknown
612368,26,F,White
81299,37,M,Hispanic
941103,31,F,Other
358500,37,M,Hispanic
598072,28,F,Hispanic
408458,3,F,Black
330096,28,F,Other
113452,29,M,Black
598130,29,F,Black
444117,42,M,Hispanic
809150,4,M,Other
804932,29,M,Asian
812942,27,M,Hispanic
350716,24,F,Hispanic
306175,38,F,American Indian/Alaskan Native
601980,31,M,Hispanic
13149,39,M,Other
399138,35,M,Black
324229,66,M,Asian
562772,36,F,Hispanic
691286,37,F,Black
700869,46,M,White
669123,36,M,White
827464,0,X,Unknown
679482,23,F,Hispanic
923860,0,X,Unknown
356800,3,M,White
565894,0,X,Unknown
647105,49,F,Black
578232,41,M,Black
526466,54,F,Black
255632,54,F,White
827404,28,M,Hispanic
432849,41,F,White
488716,55,M,Hispanic
343243,0,X,Unknown
686477,23,F,Other
609033,67,F,Black
799380,37,M,Black
430750,54,M,Hispanic
914900,23,X,Unknown
645636,44,F,Other
896923,37,F,White
773090,52,F,White
611131,24,F,Hispanic
349760,61,M,Hispanic
240906,0,X,Unknown
90278,55,F,Hispanic
831768,56,M,Black
6350,38,F,Hispanic
906534,39,F,Hispanic
251377,39,F,Hispanic
880365,27,F,Black
581378,53,M,Asian
54984,68,F,White
882111,0,X,Unknown
685194,48,M,Hispanic
665692,26,M,White
264167,28,F,Hispanic
111108,63,M,Other
552223,27,F,Hispanic
791840,4,M,Hispanic
501015,4,F,Hispanic
451272,29,M,White
192704,53,M,Black
955283,6,F,White
288750,47,F,Black
952867,0,X,Unknown
510109,17,F,White
98195,51,F,White
874618,46,M,Black
534741,0,X,Unknown
274759,0,M,Hispanic
33404,6,F,Hispanic
598564,0,X,Unknown
424417,5,M,Hispanic
240447,0,X,Unknown
135801,37,F,Asian
596298,35,M,Unknown
912886,0,X,Unknown
825082,23,M,Asian
648359,0,X,Unknown
855202,34,F,Black
355680,41,M,Hispanic
83241,84,F,White
652908,55,M,White
823533,0,X,Unknown
485341,51,F,White
575024,71,M,White
144664,43,M,White
247684,68,M,Hispanic
649977,27,F,Hispanic
274795,0,X,Unknown
894143,42,F,Other
573531,1,F,Black
99630,41,M,White
804962,39,F,White
803333,3,M,Asian
379644,37,M,White
168361,44,F,White
886772,45,F,Black
552047,21,F,Hispanic
749181,18,M,White
457670,0,M,Other
273928,27,F,Asian
961076,0,X,Unknown
109854,0,X,Unknown
46755,0,X,Unknown
271303,0,X,Unknown
149072,22,F,Hispanic
395721,44,F,White
606627,69,M,White
857151,47,M,Hispanic
301532,0,X,Unknown
824221,27,F,Other
86686,35,M,Black
953048,0,X,Unknown
828435,0,X,Unknown
531664,25,M,Hispanic
111945,4,F,Black
777043,0,X,Unknown
509930,21,X,Unknown
163607,27,M,Asian
709776,52,F,Other
274168,38,F,White
773038,0,X,Unknown
556772,59,F,White
121688,38,M,Hispanic
733714,24,F,Asian
881858,26,M,Hispanic
377259,46,M,Other
205490,0,X,Unknown
408931,34,F,Hispanic
326337,18,M,Hispanic
388074,21,F,Hispanic
161535,47,M,Hispanic
234801,0,X,Unknown
570189,47,F,Black
405614,29,M,Hispanic
648154,36,F,Hispanic
120877,0,F,White
835332,0,M,White
54556,17,F,Hispanic
914030,43,F,White
199557,53,F,Black
95596,0,X,Unknown
603849,19,F,Hispanic
508500,36,M,Hispanic
340387,0,X,Unknown
530192,28,M,Black
430881,54,F,Black
446232,41,F,Hispanic
204041,35,M,Hispanic
361841,5,F,Black
74356,34,M,Black
796832,3,F,Hispanic
248056,0,X,Unknown
400022,21,M,Hispanic
432618,36,F,White
408535,32,F,Other
365467,38,F,Hispanic
222693,3,F,White
957707,46,M,White
639275,45,F,White
610444,34,F,Hispanic
208981,64,F,Black
601703,64,F,Asian
285737,0,X,Unknown
444988,0,X,Unknown
656581,47,M,Unknown
474892,52,M,Hispanic
865207,45,M,Hispanic
951581,28,M,Other
285739,0,X,Unknown
81421,31,M,Hispanic
158142,42,F,Other
890760,25,F,White
880188,41,M,White
804766,0,X,Unknown
239874,41,F,Black
522279,31,F,Hispanic
104242,37,F,White
333773,18,M,Asian
531941,72,F,Black
245512,32,F,White
764624,23,M,White
716114,42,M,Other
273297,25,M,Other
193690,23,F,Hispanic
71589,0,X,Unknown
214347,29,M,Black
391005,6,M,White
156546,41,M,White
109872,47,F,White
765078,0,X,Unknown
744987,25,M,Asian
876078,0,X,Unknown
744995,46,M,Hispanic
612808,73,F,Hispanic
832454,48,M,Other
925802,51,M,Hispanic
11697,22,F,Hispanic
196152,3,M,Black
119501,23,F,Hispanic
502483,4,M,Hispanic
955112,34,F,Black
273223,59,M,White
160999,29,M,Hispanic
55341,53,M,Hispanic
487616,23,F,White
114536,4,F,Other
957472,0,X,Unknown
840964,0,M,White
205281,36,F,Black
520688,0,X,Unknown
127277,43,M,White
587871,26,F,Hispanic
649632,21,M,Hispanic
433796,23,F,Other
884488,75,F,Asian
736710,7,M,Black
28761,38,M,Hispanic
119745,27,F,Hispanic
264668,26,M,Hispanic
615911,41,M,White
724655,22,M,White
664596,72,M,Black
625368,62,F,White
82060,27,M,Black
65152,42,M,Hispanic
28675,0,X,Unknown
901234,0,X,Unknown
547262,55,F,White
333915,56,F,White
84519,0,X,Unknown
472298,53,M,White
209482,0,X,Unknown
634668,26,M,Hispanic
504657,43,M,White
808749,41,F,Asian
951517,56,F,White
670400,27,F,Hispanic
719840,34,M,White
290609,36,M,Hispanic
303705,28,F,Black
316485,57,M,Hispanic
766418,0,X,Unknown
69617,33,M,Hispanic
724661,26,M,Hispanic
525200,23,F,Hispanic
605199,35,F,Black
718492,28,M,Hispanic
591170,0,X,Unknown
864514,0,M,White
225944,66,F,Other
704838,29,F,Black
516193,3,M,Black
782050,73,M,White
524676,22,F,White
515764,2,F,Hispanic
707821,25,M,Hispanic
431334,66,F,Asian
668564,17,F,Hispanic
742898,0,M,Other
566584,36,M,White
604114,66,M,White
23183,0,X,Unknown
820360,44,M,White
620947,0,X,Unknown
51253,32,M,Hispanic
204225,3,F,Black
103664,36,F,Other
30106,0,X,Unknown
692449,24,M,White
667324,31,F,Asian
343852,37,M,Hispanic
122928,5,F,Hispanic
460273,34,F,Asian
586682,28,M,Unknown
35799,53,M,Hispanic
89140,28,F,Hispanic
866533,45,F,Other
361831,0,X,Unknown
298279,53,F,White
656131,0,M,Other
485203,0,X,Unknown
89649,48,M,White
890692,0,X,Unknown
635689,28,F,Black
567204,42,M,Hispanic
79203,52,F,Asian
781331,0,X,Unknown
770915,21,F,Hispanic
589997,0,X,Unknown
714919,34,M,Black
276332,55,M,Other
483947,27,F,Black
592927,19,M,Hispanic
534790,19,M,White
49639,58,F,Hispanic
508360,62,F,White
337297,4,F,White
178979,0,X,Unknown
617249,25,M,Asian
301940,52,F,White
927733,37,F,White
10089,29,F,Black
376870,26,F,White
863248,77,F,White
386319,31,M,Hispanic
159062,15,F,White
609491,33,F,Black
595385,4,M,White
451246,16,M,Hispanic
698163,44,M,Hispanic
810828,31,F,Black
233605,57,M,Hispanic
809603,41,F,White
199203,6,M,Hispanic
678982,29,M,Hispanic
269220,34,F,Hispanic
158120,4,M,White
191878,21,M,Hispanic
324587,0,X,Unknown
300718,0,X,Unknown
59635,0,X,Unknown
145348,32,M,White
477923,74,M,Asian
880834,22,M,White
173936,23,F,Hispanic
378995,0,M,Other
496363,4,F,White
355539,29,M,Hispanic
840896,3,F,Hispanic
423869,27,M,White
401379,0,X,Unknown
393127,42,M,Hispanic
210201,0,M,Hispanic
637822,38,M,Black
279995,64,F,Hispanic
191238,33,M,Asian
426438,0,X,Unknown
220939,0,X,Unknown
506749,0,X,Unknown
505187,33,F,Hispanic
113388,0,M,Unknown
1382,35,F,Hispanic
382193,0,X,Unknown
269813,0,X,Unknown
882827,34,M,Black
173396,56,F,Hispanic
844283,0,M,White
801780,61,F,White
489375,39,M,Hispanic
363991,37,F,White
872590,27,F,White
470602,68,M,Black
769692,0,X,Unknown
556730,0,X,Unknown
230658,38,F,Black
792646,0,X,Unknown
65257,24,M,White
733660,34,M,Hispanic
192397,0,X,Unknown
794880,44,F,Black
128073,34,M,Asian
840783,63,F,White
748361,0,X,Unknown
264757,32,M,Hispanic
650183,29,F,Black
291958,22,F,Black
81438,35,M,Hispanic
447931,3,M,Hispanic
663397,0,X,Unknown
52222,33,F,White
955114,48,M,Unknown
723854,31,F,Black
389467,4,M,White
701325,53,F,Hispanic
573401,7,F,Hispanic
921829,35,M,Hispanic
668121,53,M,White
358231,47,F,Unknown
345764,0,X,Unknown
12609,17,F,Hispanic
77379,56,F,White
371326,17,F,Hispanic
260995,21,M,Asian
695453,39,F,Hispanic
923360,48,F,White
659794,45,F,White
564699,21,M,Hispanic
541940,55,F,White
220401,48,F,Asian
541201,0,X,Unknown
155125,32,F,White
273684,37,M,Hispanic
830460,3,F,Hispanic
844048,0,X,Unknown
558593,24,M,Black
709887,0,X,Unknown
80135,18,F,Black
941892,0,X,Unknown
561346,39,F,Hispanic
599735,0,X,Unknown
85448,35,M,Hispanic
48867,0,X,Unknown
606142,59,F,Black
712814,48,M,Hispanic
825364,0,X,Unknown
172254,38,F,Hispanic
598257,0,X,Unknown
806907,22,X,Unknown
230917,0,X,Unknown
305305,36,F,Hispanic
653129,33,M,White
828639,46,M,Black
543209,28,F,Hispanic
123139,0,X,Unknown
879122,59,F,Other
474027,0,X,Unknown
904818,0,X,Unknown
306887,0,X,Unknown
889215,14,F,Hispanic
112149,38,M,White
367234,54,F,White
950380,0,M,Other
128322,65,F,White
428655,0,X,Unknown
595596,24,F,Hispanic
567002,26,F,Hispanic
638534,0,X,Unknown
218099,32,F,Black
406090,0,X,Unknown
917975,48,F,Asian
623799,36,M,Black
918575,31,M,White
851449,3,F,Black
116650,0,X,Unknown
286920,58,M,Other
489653,0,X,Unknown
933185,24,F,Hispanic
145599,23,F,Hispanic
409913,44,M,Hispanic
179130,41,M,Asian
407383,47,M,White
730465,0,X,Unknown
834832,0,X,Unknown
529735,31,M,Hispanic
595740,0,X,Unknown
392451,24,F,Hispanic
391154,49,F,Hispanic
114777,0,X,Unknown
449709,32,M,Hispanic
214458,41,M,Hispanic
737656,0,X,Unknown
215436,5,M,Hispanic
507266,48,F,White
270315,21,F,Hispanic
652982,33,M,Hispanic
495848,35,M,White
658978,29,F,Hispanic
301594,46,F,Hispanic
769087,0,X,Unknown
544960,2,F,White
411003,23,M,Hispanic
368919,37,F,Black
282497,36,F,Hispanic
136141,52,F,Other
163644,0,X,Unknown
447706,54,M,White
385280,21,M,White
271172,22,M,White
650640,0,X,Unknown
542942,63,F,Black
455680,42,F,Black
642195,57,M,Hispanic
530478,0,X,Unknown
711847,35,F,Hispanic
837786,0,X,Unknown
221822,58,M,Hispanic
583790,44,M,Black
191559,37,F,Asian
482416,4,M,Unknown
749688,38,M,White
781792,51,F,Other
832337,55,F,Hispanic
299475,65,F,Black
881861,23,F,Black
866696,54,M,White
702628,38,M,White
712892,42,F,Other
693037,38,M,White
735653,26,M,Hispanic
581058,0,M,Other
827673,21,F,White
482323,67,F,White
161943,23,F,Other
398212,35,F,White
894427,27,F,Black
301958,65,F,Hispanic
285581,59,M,Hispanic
500781,42,M,Hispanic
280988,0,X,Unknown
47193,0,X,Unknown
122993,56,F,Hispanic
890175,39,F,White
874466,6,M,White
96032,0,X,Unknown
121200,39,M,Hispanic
388291,0,X,Unknown
691467,28,F,Black
657970,0,X,Unknown
548461,0,X,Unknown
517216,0,X,Unknown
431628,0,X,Unknown
515601,51,M,Black
116003,46,M,White
208373,29,M,Hispanic
246812,51,F,Black
414979,37,F,Black
814368,38,F,Hispanic
85084,37,M,White
731212,39,M,Hispanic
655239,61,M,Black
183867,42,M,Hispanic
112055,33,M,Hispanic
799196,0,X,Unknown
820060,37,F,Black
598005,28,F,Black
550858,0,X,Unknown
429731,5,M,Black
438490,0,X,Unknown
566814,62,M,Hispanic
506307,32,F,Asian
349721,36,M,White
531551,23,M,Black
952771,0,X,Unknown
784219,3,M,Black
406586,23,F,White
340243,64,F,Black
459888,0,X,Unknown
212438,25,M,Asian
421200,33,F,Hispanic
235354,41,F,Hispanic
80712,54,F,White
418720,68,M,Black
337127,24,F,Hispanic
925344,28,M,White
21875,49,F,Black
190253,62,M,Hispanic
236775,0,X,Unknown
40293,27,M,Black
282007,3,M,White
940654,17,F,Hispanic
813731,68,F,Hispanic
626469,0,M,Black
540556,59,F,Black
901610,0,X,Unknown
607477,37,M,Hispanic
152504,0,X,Unknown
761461,0,X,Unknown
845907,0,X,Unknown
22876,34,F,Black
805350,0,M,White
360791,0,X,Unknown
384331,74,M,Hispanic
621139,0,X,Unknown
562692,0,X,Unknown
361781,44,M,Hispanic
133037,34,F,Hispanic
628439,28,F,Hispanic
719043,45,F,Hispanic
345063,45,F,Hispanic
839668,41,M,Hispanic
667116,0,X,Unknown
278584,45,F,Hispanic
759373,67,F,Black
314742,6,M,Black
530486,0,X,Unknown
596008,0,X,Unknown
219665,29,F,Hispanic
532058,42,F,Hispanic
256812,0,X,Unknown
581628,33,F,Hispanic
467929,76,F,Black
561371,23,M,American Indian/Alaskan Native
644069,63,F,Hispanic
39708,43,M,Hispanic
126170,0,X,Unknown
281362,34,M,Hispanic
365686,35,F,Hispanic
351621,59,F,White
207552,4,F,White
603427,75,F,Hispanic
430327,5,M,White
609881,24,M,White
706813,3,F,Black
250104,24,F,Hispanic
193978,29,M,White
880087,39,M,Other
290799,56,M,Hispanic
467852,32,F,Hispanic
747986,28,F,Black
450023,51,F,Hispanic
336002,0,X,Unknown
326993,23,M,Hispanic
694174,0,X,Unknown
355807,59,F,Asian
539253,0,X,Unknown
740861,0,X,Unknown
619402,24,F,Black
12915,63,M,Black
13760,38,F,Hispanic
429104,34,F,Other
531607,36,M,Hispanic
682898,46,F,Black
945568,0,X,Unknown
195987,4,F,Hispanic
449850,15,F,Hispanic
15787,42,F,Hispanic
577886,56,M,Black
489103,0,M,Other
484268,12,F,Black
680886,0,X,Unknown
413800,0,X,Unknown
95664,38,M,Hispanic
745249,24,M,Asian
809902,0,X,Unknown
250528,0,X,Unknown
230837,32,M,Black
2780,21,F,Black
862766,28,M,White
219394,0,M,Other
353238,35,F,White
907114,25,F,Asian
757068,2,M,Black
122434,29,F,White
122126,61,M,Hispanic
240490,38,M,Other
236641,33,M,Hispanic
316208,0,X,Unknown
37435,63,M,Other
406628,18,F,White
635808,64,M,Hispanic
553704,39,M,Black
209763,65,F,White
408020,23,F,White
23852,37,M,White
837916,24,F,Asian
528385,0,X,Unknown
375166,0,X,Unknown
921026,29,F,Hispanic
368991,0,X,Unknown
57152,88,M,Hispanic
778109,0,X,Unknown
591228,37,M,White
756417,0,X,Unknown
457246,6,M,White
97323,0,X,Unknown
104427,18,F,White
709495,71,F,White
517748,12,F,Hispanic
421528,37,M,Hispanic
280828,37,F,Hispanic
202393,25,F,White
349349,0,X,Unknown
308481,31,M,Hispanic
934361,0,X,Unknown
923712,0,M,Other
832926,0,X,Unknown
569570,58,M,Hispanic
518635,61,M,Hispanic
729425,29,F,Black
245716,24,F,Black
679817,0,X,Unknown
64108,34,F,White
502536,33,F,Black
627675,41,M,Hispanic
555196,39,F,Hispanic
230515,32,M,Asian
581342,25,F,White
214047,0,X,Unknown
505232,31,F,Hispanic
62153,62,M,Unknown
265757,84,F,Black
518155,26,F,Black
894363,0,X,Unknown
501595,42,F,Black
151730,3,M,Hispanic
187116,24,M,Black
395132,56,F,Black
767918,72,F,Asian
680419,0,X,Unknown
761945,0,M,White
879124,0,X,Unknown
292937,3,F,Hispanic
28388,0,F,White
875868,22,M,White
139101,89,F,White
218544,7,M,Other
597443,21,F,Black
595280,0,X,Unknown
243811,68,F,Black
784948,22,F,Black
648065,0,X,Unknown
150077,44,M,White
277225,0,X,Unknown
243106,65,M,White
719277,32,M,Black
639022,11,F,White
717079,48,F,Hispanic
431201,41,F,Black
319880,27,M,White
648941,35,M,Unknown
264142,0,X,Unknown
191321,26,M,White
202560,55,F,Hispanic
612271,34,F,White
833465,31,F,Hispanic
247047,0,X,Unknown
205930,74,F,Black
494397,36,M,White
647022,2,F,Hispanic
450278,32,F,Hispanic
947026,0,M,White
70321,24,F,Hispanic
109353,36,M,Hispanic
400589,18,F,Black
530118,5,F,Black
689240,5,M,Hispanic
113192,0,X,Unknown
150095,69,M,White
942201,27,F,Black
434465,35,M,Unknown
797251,41,F,Hispanic
896670,58,F,Hispanic
857738,32,M,Unknown
325652,0,X,Unknown
806311,22,M,Black
855569,0,X,Unknown
401423,43,M,Hispanic
189581,0,X,Unknown
582096,49,F,Other
784997,47,F,Black
230029,33,M,Hispanic
245739,0,X,Unknown
86483,29,F,White
731061,31,F,White
351123,33,M,Asian
560673,0,X,Unknown
320537,37,M,White
317395,0,M,White
332292,25,M,Black
79832,0,M,White
779053,33,M,White
650498,0,X,Unknown
336383,32,F,Hispanic
42538,29,M,White
424848,0,X,Unknown
427679,32,M,Asian
202020,0,X,Unknown
961688,0,X,Unknown
377136,52,F,Hispanic
493708,0,X,Unknown
327375,39,M,Hispanic
329472,48,F,Black
736516,42,F,White
382220,41,F,Hispanic
378881,52,M,Hispanic
317677,28,F,Hispanic
809155,24,M,Hispanic
908813,0,X,Unknown
516911,25,F,White
189349,19,X,Unknown
602229,0,X,Unknown
817581,29,F,Hispanic
479168,0,X,Unknown
721023,36,M,Black
701557,0,X,Unknown
503284,0,X,Unknown
951901,54,F,Hispanic
153692,34,M,Other
884894,0,X,Unknown
259085,0,X,Unknown
404730,31,M,Asian
407186,31,M,Hispanic
889236,0,X,Unknown
453973,37,M,Asian
516092,29,M,White
24854,33,F,Hispanic
746532,39,M,Hispanic
234300,3,F,Hispanic
292052,27,M,Hispanic
780496,0,X,Unknown
798779,0,X,Unknown
463021,23,F,White
918806,0,X,Unknown
52445,0,X,Unknown
688710,78,F,White
335107,0,X,Unknown
184421,64,F,Asian
843660,82,F,Black
334915,37,M,Black
541205,0,X,Unknown
939219,0,X,Unknown
656192,0,X,Unknown
856618,3,F,Hispanic
921202,4,M,Hispanic
892699,27,M,Hispanic
353603,0,X,Unknown
600422,25,M,Hispanic
361113,24,M,Hispanic
779404,0,X,Unknown
319944,45,F,Hispanic
505029,0,X,Unknown
252313,56,M,White
451244,0,X,Unknown
856844,23,F,Black
726714,3,M,White
546432,31,M,Hispanic
171355,34,F,Black
519837,31,M,Hispanic
250945,0,M,Asian
340018,56,F,Black
836804,0,X,Unknown
742696,0,X,Unknown
224530,69,M,Hispanic
55400,29,M,Hispanic
381728,3,M,Asian
615665,0,M,White
800994,23,M,Other
729325,27,M,Hispanic
352930,58,F,Hispanic
956155,0,X,Unknown
282258,42,F,Hispanic
599423,24,F,White
790349,3,F,Hispanic
500076,34,M,Hispanic
847770,28,M,White
413186,57,M,Asian
268073,51,F,White
400838,89,F,Black
815842,35,F,Hispanic
460096,57,M,White
365373,63,M,White
474237,35,M,Hispanic
166657,0,X,Unknown
3130,46,M,Hispanic
959345,47,M,White
373945,6,M,Black
300359,23,M,Hispanic
671035,55,M,Hispanic
530665,38,M,Hispanic
734581,23,M,Black
208001,31,F,Black
910841,25,M,White
298460,48,M,White
69848,64,M,Black
124825,48,M,Hispanic
24612,43,F,Asian
415555,28,M,White
835163,26,M,Asian
133308,22,F,Hispanic
16290,0,X,Unknown
72567,0,X,Unknown
893395,21,F,Black
682745,22,M,White
376765,59,M,Hispanic
57851,0,X,Unknown
641980,28,F,White
245951,65,M,Other
280605,3,M,White
923451,34,M,Black
625079,32,M,Hispanic
102116,31,F,Hispanic
150417,31,F,Hispanic
671517,45,M,Asian
392161,44,F,Hispanic
46531,0,X,Unknown
290144,57,F,Hispanic
691753,32,M,White
899763,0,X,Unknown
164886,33,F,White
487247,0,X,Unknown
397669,0,X,Unknown
506332,0,X,Unknown
845224,0,X,Unknown
173229,65,F,White
340855,64,M,Hispanic
486514,5,M,White
580218,37,M,Asian
323904,24,F,Black
210748,0,X,Unknown
436465,33,F,Black
222518,27,F,Black
510698,18,M,Black
826202,38,M,Asian
632669,33,F,White
687146,24,F,White
45669,0,M,Other
838900,0,X,Unknown
119911,0,X,Unknown
285433,36,M,White
75041,22,M,White
714238,0,X,Unknown
542394,0,M,Black
691043,0,M,White
843269,23,F,Hispanic
197860,0,M,Other
503958,0,X,Unknown
532131,51,M,White
494482,48,F,Hispanic
729512,3,M,Black
234663,48,F,White
191695,14,F,Black
103639,63,M,White
624197,0,M,White
219647,0,X,Unknown
496636,42,F,White
710617,36,M,White
536215,34,M,Hispanic
275854,3,F,Other
854962,4,F,White
621667,5,F,White
351342,34,M,Black
778145,0,M,Other
588554,3,M,White
86077,37,M,Hispanic
190427,2,F,White
171124,0,X,Unknown
392920,73,M,White
336421,0,X,Unknown
795866,49,F,Black
158998,0,X,Unknown
752905,44,M,Hispanic
31090,42,M,Black
135546,47,M,Hispanic
284813,64,M,Black
876393,0,X,Unknown
499442,59,M,White
581920,47,F,Hispanic
812492,27,F,Black
816330,53,M,Hispanic
844754,62,M,Other
181568,27,F,Hispanic
195541,34,M,Hispanic
337213,59,F,Hispanic
537618,28,F,Black
641132,4,M,White
367470,66,F,White
613689,0,X,Unknown
776341,68,M,Hispanic
832559,0,X,Unknown
593928,35,M,Other
321384,18,F,Hispanic
209635,2,M,Hispanic
520174,0,X,Unknown
871747,0,X,Unknown
166566,35,M,White
722978,22,F,White
352421,0,X,Unknown
105143,61,M,Black
950105,0,X,Unknown
738763,0,X,Unknown
945141,0,X,Unknown
189377,81,M,Asian
352934,0,M,White
514358,0,M,Hispanic
627718,29,F,Black
909813,53,M,Hispanic
288710,61,M,Other
276540,0,X,Unknown
500023,36,F,White
763855,66,M,Black
706673,47,M,Black
947269,44,M,Hispanic
761387,0,X,Unknown
473487,43,F,White
453609,0,X,Unknown
352368,28,M,Hispanic
514457,0,X,Unknown
699217,0,X,Unknown
940319,0,X,Unknown
836479,0,X,Unknown
246888,25,M,Black
776228,29,M,Hispanic
48266,45,M,White
493790,0,X,Unknown
766699,32,M,Black
555860,32,M,White
700161,0,X,Unknown
891041,23,X,Unknown
659039,29,M,Hispanic
610751,25,M,White
598405,0,X,Unknown
609895,0,X,Unknown
748254,26,F,White
246837,0,X,Unknown
93059,5,M,Black
297065,22,M,White
314994,37,M,Hispanic
274033,0,X,Unknown
446807,0,X,Unknown
564625,0,X,Unknown
733225,0,X,Unknown
261024,19,F,Black
564581,0,X,Unknown
363858,46,M,White
379247,38,F,White
364586,29,M,Hispanic
114152,16,F,Black
165122,0,X,Unknown
181615,58,M,Other
398796,29,M,White
879280,0,X,Unknown
390077,28,F,Hispanic
227428,18,M,Hispanic
296886,38,M,Hispanic
564665,56,M,Black
9393,0,X,Unknown
486678,28,F,White
826607,46,F,Other
874410,48,F,Hispanic
288479,42,F,Hispanic
447176,3,M,Black
546872,56,F,White
263270,38,M,White
564525,16,M,Unknown
97164,0,X,Unknown
194903,45,M,Hispanic
707345,39,F,Hispanic
626324,24,F,White
358369,29,M,Hispanic
422913,61,M,Other
237355,53,M,White
620340,64,M,Asian
327284,52,F,Black
572922,21,F,Hispanic
872885,28,F,Other
749643,66,M,Asian
274257,39,F,Hispanic
226329,62,M,Hispanic
664041,0,X,Unknown
320678,53,M,Other
430828,39,F,Hispanic
210350,71,F,Other
392804,59,M,Asian
683637,31,F,White
908702,23,X,Unknown
301949,73,F,Black
697306,0,X,Unknown
570423,51,F,Black
299150,5,M,White
262428,21,F,White
154716,34,M,Hispanic
546754,16,F,Hispanic
518008,0,X,Unknown
50853,52,F,Hispanic
701075,0,X,Unknown
106499,0,X,Unknown
481867,26,M,Hispanic
456854,12,M,Hispanic
820311,31,F,Hispanic
944205,54,M,Black
118458,0,X,Unknown
52709,0,X,Unknown
865787,32,F,Hispanic
610248,0,X,Unknown
465393,47,M,Other
798200,76,M,Asian
760857,44,F,Hispanic
489081,0,X,Unknown
61700,0,X,Unknown
416675,24,F,Hispanic
584699,27,M,Hispanic
280135,32,F,Hispanic
216775,0,X,Unknown
863410,89,M,Other
235439,25,F,Other
333130,26,M,White
458126,0,X,Unknown
693654,53,F,Asian
325040,45,F,Other
261582,42,M,Hispanic
548141,25,M,White
123620,61,F,White
473890,67,F,White
335438,21,M,White
362327,8,F,Hispanic
57930,45,M,Hispanic
298818,33,F,Black
155041,0,X,Unknown
250156,0,X,Unknown
584256,68,M,White
410608,48,F,Black
932101,24,F,Hispanic
850729,24,M,Black
97138,23,M,White
942973,62,M,Black
54889,38,M,Hispanic
78154,31,M,Black
532399,26,F,Hispanic
94745,22,M,Black
289947,2,M,Hispanic
283790,29,F,White
757692,22,X,Unknown
697660,52,F,Other
751236,0,X,Unknown
62049,67,F,Asian
250727,33,M,White
143061,0,X,Unknown
488684,48,M,Hispanic
245825,46,M,Asian
702129,4,F,Hispanic
619930,24,F,Hispanic
344317,28,F,Asian
219616,4,M,Hispanic
263570,32,M,Hispanic
506103,24,M,Hispanic
41521,45,M,Hispanic
238606,64,F,White
425262,0,X,Unknown
181309,29,F,Black
239713,44,F,Black
234306,36,M,Hispanic
1689,32,F,Other
20474,16,F,Black
90239,0,X,Unknown
234952,0,X,Unknown
393000,61,F,Other
953448,0,X,Unknown
560628,27,F,White
186778,25,F,Hispanic
389215,17,F,Hispanic
182719,27,M,Black
378200,63,F,Hispanic
818101,27,F,Hispanic
270082,21,F,Asian
778337,0,X,Unknown
961000,0,X,Unknown
693338,25,F,Black
624965,43,F,Hispanic
417455,24,F,Hispanic
918312,18,M,Hispanic
758603,0,X,Unknown
731031,0,M,Other
121813,29,M,Hispanic
902404,35,M,White
717346,46,M,Hispanic
778083,24,M,Asian
755775,0,X,Unknown
439940,38,F,Black
846094,0,X,Unknown
148148,33,F,Hispanic
128028,2,M,White
152191,0,X,Unknown
71340,65,M,White
69885,54,F,Hispanic
939947,0,X,Unknown
615316,32,F,Black
1067,0,X,Unknown
841947,0,X,Unknown
677576,27,M,Black
466407,0,X,Unknown
403788,37,M,Hispanic
399333,26,F,Other
884756,0,X,Unknown
637936,39,M,Black
487157,3,F,Hispanic
496520,0,M,White
149740,44,F,White
519360,25,F,Hispanic
119018,19,F,White
781810,5,M,Hispanic
175286,54,M,Black
631434,38,M,Hispanic
298145,35,F,Asian
193960,59,F,Other
501881,28,M,Hispanic
305670,12,M,Hispanic
265623,34,F,Hispanic
607810,0,X,Unknown
886012,29,M,Hispanic
781092,47,F,Hispanic
259446,38,M,Hispanic
469870,48,M,Asian
148231,0,X,Unknown
630436,0,X,Unknown
595605,21,F,Hispanic
45456,51,F,White
6986,0,X,Unknown
849835,69,M,White
841402,29,M,Hispanic
163349,35,M,Hispanic
658795,0,M,Unknown
67875,41,F,White
734936,69,M,Black
652562,38,M,Other
254927,0,X,Unknown
220232,74,F,White
556293,34,M,Other
833665,27,F,Black
107033,51,M,Hispanic
436825,11,F,Black
596628,35,F,Hispanic
524235,51,M,White
293297,31,M,White
595233,26,F,White
125443,0,X,Unknown
57646,47,F,Hispanic
380247,0,X,Unknown
621064,47,M,Black
87443,35,M,Hispanic
315194,0,X,Unknown
884692,0,X,Unknown
272469,0,X,Unknown
549664,0,M,Other
733983,38,M,Hispanic
137279,7,F,Hispanic
3520,28,F,Hispanic
455290,3,F,Black
520921,57,M,White
436311,0,X,Unknown
217331,0,X,Unknown
320571,0,X,Unknown
891493,33,M,White
245284,33,M,Hispanic
411537,62,F,Black
19610,22,F,Hispanic
264074,64,F,Black
414112,4,M,White
438955,41,F,Other
955354,21,M,Hispanic
104011,0,X,Unknown
426842,4,M,White
201036,32,M,Other
698247,3,F,White
882969,0,X,Unknown
496274,34,F,Hispanic
367890,24,M,Unknown
943990,29,M,Hispanic
276014,0,X,Unknown
698414,0,M,Black
374921,31,F,Hispanic
627224,44,F,Hispanic
220504,21,F,Black
724732,51,M,Hispanic
433164,36,M,White
465117,32,F,Hispanic
282014,36,F,Hispanic
409336,53,M,Hispanic
626683,52,M,White
650632,49,M,Hispanic
614347,0,X,Unknown
111524,54,M,Hispanic
767241,38,F,Other
852653,39,M,White
542500,45,M,Other
384416,32,F,Black
788122,31,F,Hispanic
409511,0,X,Unknown
366384,42,F,Black
561038,28,M,Hispanic
909729,37,M,Black
854184,0,M,Black
541418,29,M,White
233270,56,M,White
646856,53,F,Black
160970,35,M,Black
600974,0,X,Unknown
395434,25,F,Hispanic
604266,29,F,White
184957,0,X,Unknown
306369,33,F,Other
437916,28,M,Hispanic
273062,6,M,White
601274,61,F,White
302288,31,F,White
122100,0,X,Unknown
348486,44,M,Other
240803,33,M,White
58175,22,F,Hispanic
937208,58,M,Hispanic
546480,25,M,Hispanic
950711,43,M,Black
633029,44,M,Other
724018,35,M,Other
860445,62,M,White
661348,34,F,Other
537247,19,M,Hispanic
762738,0,X,Unknown
409886,49,M,Hispanic
547329,57,M,White
217885,27,F,White
767659,2,F,White
503665,0,X,Unknown
818661,15,M,Hispanic
81408,32,M,White
930881,55,M,Hispanic
550830,0,X,Unknown
741924,21,F,Black
43173,57,M,Other
894811,29,F,White
571603,38,F,Asian
637092,33,M,Hispanic
806537,0,X,Unknown
283085,52,F,Black
708633,39,M,White
749558,47,F,White
558577,26,M,Hispanic
337759,28,M,Asian
288478,25,F,White
296100,28,F,Hispanic
890212,41,F,White
305247,6,M,White
146702,0,M,Unknown
181952,0,X,Unknown
302625,0,X,Unknown
824359,68,F,American Indian/Alaskan Native
880917,0,X,Unknown
935761,35,F,White
300043,23,M,Hispanic
619489,38,M,Hispanic
724439,49,F,Hispanic
71877,54,M,Black
398377,22,F,White
163808,27,F,Hispanic
59418,3,M,Hispanic
289596,0,M,Other
134591,62,M,Hispanic
763719,64,M,Other
908836,26,M,White
519095,45,F,Hispanic
143826,34,M,Hispanic
187576,29,F,White
674214,52,F,White
155117,0,M,Other
751523,41,M,Black
81270,36,F,Other
773738,46,M,White
176679,25,F,Black
719460,51,F,Other
461646,0,X,Unknown
7429,25,F,White
677867,51,F,Hispanic
319124,32,M,Asian
66749,39,F,White
667128,0,X,Unknown
524541,25,F,White
653554,44,M,Hispanic
634371,35,M,Hispanic
218855,4,M,Black
721718,52,M,White
896279,31,F,Hispanic
759255,99,X,Unknown
111140,0,X,Unknown
570219,0,X,Unknown
325984,18,M,Hispanic
36133,45,F,White
700855,0,X,Unknown
827244,3,F,Black
333538,26,M,Hispanic
426868,48,M,White
594281,0,M,White
479931,52,M,Other
445676,46,F,Black
686870,74,M,White
149985,48,F,Black
127005,41,M,Hispanic
407492,17,M,Black
644857,38,F,White
371731,0,X,Unknown
833030,0,X,Unknown
10164,23,M,Hispanic
798652,0,X,Unknown
38785,38,M,Other
16685,39,M,Hispanic
950639,0,X,Unknown
321940,0,X,Unknown
30579,38,F,Other
249333,31,F,Black
806906,64,F,Black
639419,27,F,Hispanic
891966,33,F,Black
643276,28,F,Hispanic
554073,7,F,Other
547132,0,X,Unknown
949412,0,X,Unknown
601389,59,M,Hispanic
839131,5,M,Hispanic
876880,61,M,Hispanic
508841,5,F,Black
794156,49,F,Hispanic
110742,0,X,Unknown
541923,53,F,Hispanic
17356,67,M,Black
162629,42,F,Hispanic
800552,0,X,Unknown
415449,39,M,White
694236,21,M,Asian
322899,0,M,White
448932,67,M,White
890641,3,M,Black
505305,59,M,White
385402,0,M,Other
889507,39,M,Hispanic
328343,5,M,White
782030,42,M,White
178999,56,M,Hispanic
511071,25,F,Hispanic
664884,4,F,Hispanic
938001,25,M,Asian
779361,43,M,Hispanic
235348,5,M,White
354666,53,M,White
480008,65,F,White
37746,33,M,White
834159,3,F,Other
243102,55,M,Hispanic
82949,45,M,Other
895640,35,M,Black
635152,55,F,Black
796147,49,F,Hispanic
523348,62,F,Black
223713,0,M,Other
900134,49,F,Hispanic
137397,18,F,Hispanic
388958,3,X,Unknown
729443,41,F,Hispanic
638230,0,X,Unknown
651757,42,M,Hispanic
481099,22,F,Hispanic
419810,0,X,Unknown
727907,63,M,Hispanic
693177,33,M,Hispanic
189000,27,M,White
783387,27,F,Other
683712,23,M,Hispanic
907544,44,F,Hispanic
282855,0,X,Unknown
650220,0,X,Unknown
664479,0,X,Unknown
862453,0,X,Unknown
266017,0,M,Other
19952,38,M,Hispanic
381444,37,F,White
379239,34,M,White
97777,35,M,Hispanic
867748,54,M,Other
743344,45,F,Other
825719,59,F,White
758040,24,F,Black
240281,62,M,Hispanic
440986,27,F,Hispanic
381436,54,M,Hispanic
811255,29,M,Black
441948,28,M,Black
424483,0,X,Unknown
580438,59,M,Black
36652,0,X,Unknown
66955,29,M,White
802966,28,M,Hispanic
806462,27,M,White
413543,0,X,Unknown
847735,0,X,Unknown
145473,26,M,Hispanic
64010,0,X,Unknown
216840,63,M,Asian
135483,0,X,Unknown
341569,32,M,Hispanic
373052,0,M,Hispanic
851134,36,F,Black
915608,28,M,White
372107,34,M,White
568443,31,F,Pacific Islander
787751,14,F,Hispanic
350073,91,F,White
66598,4,M,Black
543913,43,F,Hispanic
188420,47,F,Hispanic
654748,63,M,White
738728,22,M,Other
391444,49,M,White
447480,0,X,Unknown
622962,0,M,White
110359,0,X,Unknown
163399,27,M,Hispanic
674095,54,F,Black
904623,49,F,White
251017,45,F,Black
347269,23,F,Asian
431595,67,M,White
751731,0,X,Unknown
293753,55,M,Hispanic
753702,29,M,White
303926,0,X,Unknown
907069,0,X,Unknown
208636,73,F,White
571946,0,X,Unknown
698703,29,M,White
46613,18,M,Hispanic
67792,39,M,Hispanic
12259,23,M,Hispanic
678298,42,M,Black
112124,16,M,Hispanic
609230,24,F,Hispanic
932878,0,X,Unknown
806657,0,M,White
526624,41,M,Asian
423946,24,M,Black
542328,52,M,Black
821573,25,F,Hispanic
869387,22,X,Unknown
723391,29,F,Hispanic
213803,25,M,Other
367145,46,F,White
930643,34,F,Asian
334672,35,M,White
799230,5,M,Hispanic
194375,51,M,Black
387664,28,M,Black
49778,32,F,Hispanic
303610,0,X,Unknown
851883,0,X,Unknown
796546,23,M,Hispanic
791974,5,M,White
419720,32,F,Black
664640,0,X,Unknown
40464,43,F,Hispanic
637781,34,M,Black
287378,2,F,Hispanic
707395,42,F,Hispanic
814408,35,F,Other
26910,28,F,White
238510,54,F,Other
131784,62,F,Hispanic
380135,0,X,Unknown
160420,0,X,Unknown
857096,0,X,Unknown
954070,0,X,Unknown
412853,4,M,Hispanic
680752,27,F,White
368080,59,F,Black
299749,21,M,Other
626136,0,X,Unknown
709984,47,F,Asian
454866,36,F,Hispanic
34635,0,X,Unknown
212255,0,X,Unknown
386013,44,M,Other
271360,38,F,White
116345,24,F,Black
293337,0,X,Unknown
265086,0,X,Unknown
508361,0,X,Unknown
619850,37,F,White
425763,62,M,Hispanic
405462,3,M,Hispanic
260393,31,F,Hispanic
25361,38,M,Hispanic
330392,25,F,Hispanic
599428,33,F,Hispanic
18448,0,X,Unknown
263578,36,M,Other
929458,0,X,Unknown
289154,66,M,Black
199859,46,F,Hispanic
642936,56,M,Hispanic
855596,0,X,Unknown
738027,0,X,Unknown
789138,47,F,Black
83238,34,F,White
842067,53,M,White
516694,29,M,Black
667968,31,M,Hispanic
8986,0,X,Unknown
450020,53,M,White
83063,41,F,Hispanic
312682,0,X,Unknown
141138,28,M,White
613732,35,M,Black
151138,38,M,Black
114867,0,X,Unknown
188511,33,F,Other
698124,0,X,Unknown
237438,42,M,White
223409,24,F,Hispanic
684973,3,M,Hispanic
957501,0,X,Unknown
90538,0,X,Unknown
695076,7,M,White
499466,53,F,Hispanic
519736,51,M,White
723655,0,X,Unknown
502092,23,M,Hispanic
67067,0,X,Unknown
157516,41,M,White
342863,5,M,Black
661849,0,X,Unknown
138758,53,M,Black
127599,65,M,Hispanic
629226,42,F,Hispanic
7536,3,M,Hispanic
100351,34,M,Black
209378,38,M,Other
610310,31,M,White
616291,49,F,Other
633751,52,M,Hispanic
200201,0,M,White
923143,21,F,Black
833977,0,X,Unknown
75739,48,M,White
700083,46,M,White
608571,72,F,White
367308,28,M,Hispanic
53565,0,M,White
12748,0,X,Unknown
208899,0,X,Unknown
5703,0,X,Unknown
378358,38,F,Hispanic
881339,53,M,Black
70126,0,X,Unknown
659153,0,X,Unknown
200320,4,M,Hispanic
80510,22,F,Black
670394,51,F,Other
277191,18,M,Hispanic
265926,72,F,White
207381,0,X,Unknown
756728,59,F,Black
314067,4,M,White
808139,3,F,White
488045,31,F,Black
744564,12,F,Black
585444,54,F,Hispanic
404511,57,M,Black
473055,26,M,Hispanic
342746,62,M,Hispanic
530129,7,M,Hispanic
89521,0,X,Unknown
281245,0,X,Unknown
97891,3,M,Hispanic
296144,48,M,Other
920499,57,F,Black
793039,34,M,Hispanic
765728,28,F,Hispanic
795884,58,M,White
263118,32,F,White
746180,0,X,Unknown
418582,21,F,White
547486,0,X,Unknown
347284,43,M,Other
700611,0,X,Unknown
713381,29,M,Other
116038,4,M,Hispanic
102953,29,F,White
580531,7,M,Black
155158,19,X,Unknown
662143,0,X,Unknown
325709,36,F,White
750616,29,M,Hispanic
845366,36,M,White
716908,27,F,Hispanic
142647,54,F,Other
696260,22,F,Hispanic
530683,59,F,White
94972,67,M,Black
624463,0,X,Unknown
778940,33,M,Black
445428,0,F,Hispanic
812502,53,M,White
823253,42,F,Other
488533,6,M,Hispanic
342255,0,X,Unknown
958394,2,F,Asian
826916,46,F,Black
845095,57,F,Asian
341675,24,F,Hispanic
107078,6,M,White
10785,32,M,Black
385074,51,M,Hispanic
243437,18,M,Black
254859,0,M,White
663456,4,M,White
738450,23,F,Hispanic
175925,34,F,Hispanic
78093,6,F,Hispanic
761856,21,M,Hispanic
566267,38,F,Black
736404,33,F,Hispanic
712491,67,M,Hispanic
666662,41,M,Hispanic
536830,55,F,Hispanic
461445,3,F,White
312507,59,M,Asian
78519,27,F,Hispanic
902973,0,X,Unknown
52679,0,X,Unknown
559552,0,X,Unknown
959844,17,M,White
233208,0,X,Unknown
378165,0,X,Unknown
422969,32,F,White
636539,0,X,Unknown
813476,43,M,Hispanic
386523,45,M,Hispanic
927685,0,M,Other
561115,27,F,White
835676,33,F,Hispanic
380086,45,M,White
174635,0,M,White
578957,0,X,Unknown
26981,14,F,Hispanic
432551,0,X,Unknown
299710,0,M,White
760512,21,M,White
164160,36,F,White
255700,28,F,Hispanic
623408,35,F,Hispanic
264364,3,M,Hispanic
952821,25,M,Hispanic
53240,35,M,Black
426365,61,F,White
88713,42,F,White
292697,2,F,Hispanic
522657,0,X,Unknown
266661,0,M,Black
103827,61,F,Black
182242,0,X,Unknown
815714,0,X,Unknown
23801,23,F,Other
46180,68,F,White
690713,59,M,Other
104492,15,M,Hispanic
608297,23,F,Hispanic
80022,55,M,Black
11873,26,M,White
763236,26,F,Black
152045,35,F,White
366978,35,M,Hispanic
527112,23,F,White
947782,59,F,White
864726,65,F,Hispanic
529240,56,F,Hispanic
655805,29,F,White
451078,37,F,Hispanic
148522,38,F,Hispanic
201572,47,M,Other
586897,28,M,Hispanic
405116,48,M,Asian
258922,37,F,White
435266,71,F,Hispanic
425709,43,M,Black
928448,0,X,Unknown
130104,36,F,Hispanic
160370,3,M,Hispanic
360616,5,M,Other
827708,0,X,Unknown
187819,0,X,Unknown
789313,0,X,Unknown
625769,0,X,Unknown
356445,0,X,Unknown
322201,54,M,Hispanic
398519,0,X,Unknown
941278,41,M,White
97284,5,M,Other
488507,59,M,Black
389065,49,F,White
590140,0,X,Unknown
309301,0,X,Unknown
681048,48,M,Black
481483,4,M,Hispanic
351509,0,X,Unknown
883445,55,F,Asian
204390,69,M,Black
895535,3,M,White
664014,0,X,Unknown
534186,0,X,Unknown
834779,0,X,Unknown
630595,0,X,Unknown
12923,37,F,Hispanic
78362,27,F,White
446295,52,M,Hispanic
83645,5,M,Hispanic
77134,43,M,White
153542,57,M,Hispanic
373700,51,F,Asian
306273,28,F,Hispanic
172900,44,M,Hispanic
107197,51,M,Other
153726,56,F,Black
776007,59,F,Hispanic
85636,0,X,Unknown
828422,35,M,Black
436096,2,M,Other
255784,47,F,Hispanic
213532,66,M,White
833321,57,M,Black
826605,31,M,Hispanic
216116,45,F,Hispanic
705255,5,M,Black
933493,0,X,Unknown
199027,36,F,White
344610,0,X,Unknown
650686,59,M,White
82307,3,M,Black
757676,37,F,White
566378,0,M,Other
694711,0,M,White
104887,29,F,Hispanic
38980,37,F,Hispanic
727718,35,M,Unknown
163253,35,F,Hispanic
814483,0,M,Black
125911,31,F,Black
830857,0,X,Unknown
535112,41,F,Hispanic
174603,34,F,Hispanic
464415,37,M,Hispanic
632798,38,M,Black
394267,44,M,White
273651,26,F,White
879757,0,X,Unknown
318709,7,F,Hispanic
882407,0,X,Unknown
342339,25,M,White
226500,51,M,Hispanic
320917,41,M,Asian
209343,0,X,Unknown
86525,38,M,White
440468,29,M,Hispanic
777138,0,X,Unknown
684643,84,F,White
398079,0,M,Other
782203,31,M,Black
921862,49,F,Hispanic
441609,77,F,Hispanic
438140,0,X,Unknown
759699,28,M,Hispanic
389239,53,M,Hispanic
630917,5,F,Black
946978,75,F,Other
428379,24,M,Asian
774193,55,M,Asian
407616,0,X,Unknown
817390,52,F,Hispanic
734071,51,F,Other
102453,38,M,Hispanic
309254,0,M,Other
653654,12,F,Hispanic
63517,46,F,White
602017,0,X,Unknown
723192,54,M,Hispanic
23194,0,M,White
796925,55,F,Hispanic
648480,5,F,Asian
861631,37,M,White
682565,0,X,Unknown
63494,58,M,Hispanic
618549,0,X,Unknown
470190,39,M,Hispanic
156825,25,F,Hispanic
623215,15,F,Hispanic
344863,42,F,Hispanic
355547,0,X,Unknown
448189,3,F,Hispanic
612856,0,X,Unknown
789956,4,M,Black
609735,14,F,Hispanic
451601,0,X,Unknown
115648,41,M,Hispanic
561765,0,X,Unknown
90796,0,X,Unknown
313919,32,F,White
169563,42,M,Black
825399,0,X,Unknown
696665,47,M,Black
960868,64,M,Black
717613,0,X,Unknown
371626,0,X,Unknown
304547,43,M,White
784051,28,F,White
296338,54,F,White
668190,19,F,Unknown
284963,41,F,Hispanic
919721,3,M,Black
529785,24,M,Black
843306,59,M,Hispanic
157406,44,F,Hispanic
84533,51,F,Hispanic
572422,28,F,Black
911814,22,F,Black
267586,41,M,Other
872436,28,F,Hispanic
453701,0,X,Unknown
722358,6,M,White
501899,0,X,Unknown
270533,38,F,Hispanic
785767,53,M,Asian
17210,22,F,Hispanic
490952,32,F,Hispanic
476474,31,M,Black
610080,0,X,Unknown
196102,69,F,White
185104,62,M,Hispanic
606150,24,M,Hispanic
374533,41,F,White
889992,0,X,Unknown
151768,0,X,Unknown
57793,27,M,Black
594783,23,F,White
537681,32,F,Hispanic
211780,7,M,White
711965,0,M,White
686608,23,F,Hispanic
180783,54,M,Hispanic
627423,0,M,Unknown
842023,44,F,Black
554095,51,F,Other
263424,29,M,Black
798716,25,F,Black
397128,0,X,Unknown
874769,6,F,Black
417754,73,M,White
251190,6,M,Hispanic
628954,16,F,Hispanic
955578,0,M,Other
94460,0,X,Unknown
220440,73,F,Other
849436,37,F,Hispanic
509998,59,M,Asian
791225,33,M,White
127601,3,M,Hispanic
373058,41,M,Hispanic
839419,32,F,Hispanic
649733,28,F,Black
7479,21,M,Black
294281,43,M,Hispanic
62054,33,M,White
628931,0,M,White
643333,5,F,Hispanic
712951,26,F,Asian
205425,0,X,Unknown
345193,7,M,Hispanic
33267,21,F,Asian
79251,49,M,Black
805315,37,M,Asian
854283,15,F,Hispanic
346083,28,F,White
898282,38,M,Hispanic
209492,46,F,Hispanic
140939,37,F,Hispanic
497681,32,F,Hispanic
221908,32,M,White
145426,5,M,Other
75432,0,X,Unknown
90706,51,M,White
370029,0,X,Unknown
922238,43,F,White
790140,24,F,Black
584497,4,F,Hispanic
819339,0,X,Unknown
843315,0,X,Unknown
415381,16,M,Other
799572,34,F,Hispanic
573248,15,F,Hispanic
924157,2,F,Hispanic
149035,36,F,Black
298838,57,M,Black
517346,0,X,Unknown
725871,51,F,Black
719826,69,F,Asian
499908,0,M,Other
747075,0,X,Unknown
90190,28,M,White
919757,0,M,White
361599,39,F,Hispanic
454009,58,M,Other
723830,27,F,White
801131,24,M,Hispanic
948596,33,F,White
741249,21,M,Black
923625,29,F,Other
629281,45,F,White
873636,43,F,Black
442943,0,X,Unknown
712803,68,M,American Indian/Alaskan Native
949284,0,X,Unknown
711925,55,M,Hispanic
518011,28,M,White
956573,33,M,Asian
544833,37,M,Black
350049,25,M,Black
890963,72,F,White
446719,34,M,White
297380,49,F,Hispanic
808668,26,F,Black
470807,6,M,Black
94133,22,M,Hispanic
60084,22,F,White
219582,47,M,Other
703712,45,F,Black
383787,28,F,White
785045,0,X,Unknown
77492,0,X,Unknown
505125,41,M,White
740040,0,X,Unknown
517480,0,X,Unknown
198292,44,M,Hispanic
103003,25,M,Hispanic
112797,0,X,Unknown
508918,33,M,Hispanic
614178,25,F,Asian
762844,44,M,Hispanic
98061,0,M,Hispanic
784322,23,F,Hispanic
412228,0,X,Unknown
169861,37,M,Hispanic
378015,0,X,Unknown
432709,38,F,Black
760175,42,M,White
609642,0,M,White
747950,7,M,Black
410612,32,M,Hispanic
679051,0,X,Unknown
232218,0,X,Unknown
685188,26,F,White
851550,0,F,Hispanic
677139,3,F,White
20441,25,F,Hispanic
280567,76,F,White
171420,0,M,Hispanic
454258,31,M,Hispanic
272221,35,M,White
554146,43,M,Asian
560197,75,M,Black
66143,49,F,Other
941771,0,M,Unknown
668247,61,F,Hispanic
37761,4,F,Hispanic
208604,3,F,Black
558289,61,M,Other
398695,62,M,White
822528,51,M,White
632093,48,M,Other
179369,0,X,Unknown
754695,0,X,Unknown
858426,59,M,Hispanic
614306,25,F,Hispanic
300238,33,M,Unknown
467504,29,M,Black
878032,16,M,Other
787018,0,X,Unknown
724119,4,M,White
913710,57,M,White
680797,0,X,Unknown
719053,22,M,White
235648,0,X,Unknown
250298,8,M,Other
675607,36,M,White
576486,44,M,White
639316,46,F,Asian
99087,55,F,Hispanic
509880,0,X,Unknown
722629,0,M,Other
655393,51,F,Hispanic
42519,29,M,White
528365,31,F,Hispanic
133221,36,F,White
478346,0,X,Unknown
493805,34,M,Hispanic
309994,55,F,Hispanic
69989,0,X,Unknown
497603,38,F,Black
741133,28,M,Hispanic
640623,26,F,Black
23878,25,M,Other
536479,15,M,Hispanic
186526,0,X,Unknown
739287,34,F,Hispanic
80974,23,M,Hispanic
879743,0,X,Unknown
310276,24,M,White
58329,35,M,Hispanic
260456,4,M,Hispanic
861144,27,F,Hispanic
202878,0,X,Unknown
783001,28,M,White
33577,19,X,Unknown
195457,0,X,Unknown
276748,4,M,Black
764791,42,M,Hispanic
595928,46,M,Hispanic
230846,38,M,White
550537,0,X,Unknown
276605,0,X,Unknown
52642,45,M,Hispanic
636480,0,X,Unknown
20674,35,F,Black
558579,45,M,Hispanic
774832,37,M,White
528234,27,F,Hispanic
282311,6,M,Black
544742,44,M,White
692914,29,M,Hispanic
76628,29,M,Hispanic
856100,0,X,Unknown
723376,0,X,Unknown
900838,99,F,White
730058,0,X,Unknown
68826,0,X,Unknown
300080,13,F,White
797417,0,X,Unknown
725863,42,F,Black
703786,41,M,Other
601239,3,F,Hispanic
287066,5,M,Hispanic
443583,0,X,Unknown
55034,18,F,Hispanic
737941,0,X,Unknown
635948,25,M,White
400471,25,M,Hispanic
678899,0,X,Unknown
732889,56,M,Hispanic
353252,6,M,Black
199153,34,F,Hispanic
759132,0,X,Unknown
205795,0,X,Unknown
7086,67,M,White
583716,0,X,Unknown
172736,0,X,Unknown
296403,35,M,Unknown
77560,34,F,Black
511578,41,F,Hispanic
897303,45,M,White
216282,46,F,Black
962170,0,X,Unknown
892466,57,F,White
199404,12,M,Other
950479,0,X,Unknown
887069,63,M,Other
749927,0,X,Unknown
692993,35,F,White
209873,53,F,White
673356,31,F,Hispanic
239719,26,M,Other
864725,3,F,Hispanic
537941,52,F,Hispanic
847694,31,F,Black
793680,0,X,Unknown
758541,0,X,Unknown
493318,0,X,Unknown
525723,73,F,White
896960,27,F,Hispanic
884552,0,X,Unknown
539468,21,F,Hispanic
740860,35,F,Hispanic
80956,19,M,Black
736612,55,M,Black
572849,83,F,Black
297602,26,M,Black
574684,31,F,Black
882548,0,X,Unknown
325673,0,X,Unknown
85669,26,M,Other
256094,22,F,American Indian/Alaskan Native
404814,48,F,Hispanic
702178,17,F,Black
308365,46,M,Asian
773676,31,F,Hispanic
881714,67,M,Black
936755,36,F,Black
84567,55,M,White
155223,62,M,Hispanic
624506,0,X,Unknown
437300,0,X,Unknown
230319,68,F,White
71299,39,F,Hispanic
21251,37,M,Other
570146,0,X,Unknown
274304,63,M,Other
59735,35,M,Hispanic
667462,49,F,Other
898829,0,X,Unknown
707971,0,X,Unknown
188261,0,X,Unknown
128614,42,F,Asian
755154,3,M,Hispanic
258236,32,F,Hispanic
180968,63,M,White
518065,47,M,Hispanic
650995,2,F,White
90602,19,F,Hispanic
723116,38,F,Hispanic
64977,2,F,White
702499,52,M,White
849740,59,M,Hispanic
265237,66,M,Other
671168,52,F,Other
899009,28,F,Hispanic
867604,37,F,Hispanic
745159,26,F,Hispanic
184701,47,F,Black
908714,49,M,Black
608340,63,M,Asian
766228,47,M,Asian
273974,24,F,White
45541,48,M,Black
460923,0,X,Unknown
277711,62,F,Asian
919929,54,F,Asian
671200,0,M,Other
244224,19,F,Hispanic
957265,49,F,White
367667,22,M,White
345901,65,M,Other
198790,41,F,Hispanic
888065,0,X,Unknown
487198,48,M,Black
682815,33,M,White
527261,43,F,Hispanic
749650,22,M,White
576955,9,M,Asian
828346,47,M,White
339054,0,X,Unknown
459602,3,F,Hispanic
647509,23,F,White
324244,0,X,Unknown
744249,0,X,Unknown
384175,0,X,Unknown
524152,31,M,Asian
572811,26,M,Black
502798,0,X,Unknown
22205,42,M,White
327426,52,M,Hispanic
5029,38,F,Hispanic
133276,0,M,Hispanic
259668,0,X,Unknown
868729,62,F,Hispanic
176673,49,M,White
675545,28,F,Hispanic
441361,27,F,Hispanic
91894,27,F,Hispanic
557457,0,X,Unknown
205992,35,F,White
209933,38,M,Other
390815,41,F,Unknown
200063,43,F,Black
173589,71,M,White
40098,39,F,White
181563,18,F,Black
335191,65,F,Hispanic
116827,45,M,Hispanic
182029,35,M,Other
778119,41,F,White
720522,0,X,Unknown
146286,0,X,Unknown
136242,0,X,Unknown
825643,0,X,Unknown
373757,38,F,Asian
102431,34,M,White
555262,28,F,Hispanic
509426,54,F,White
777816,37,F,Other
563040,0,M,White
810137,38,F,Black
36527,5,M,White
25646,46,M,White
526077,6,F,Black
169225,49,F,Hispanic
203981,34,F,White
285605,24,F,Hispanic
834632,34,M,Black
482287,0,X,Unknown
336328,5,M,Black
657615,35,M,Other
72922,23,M,Hispanic
22082,0,M,Other
741806,0,X,Unknown
387847,0,X,Unknown
48533,17,F,Hispanic
114645,25,M,Hispanic
403095,0,X,Unknown
812104,2,F,Black
511895,0,X,Unknown
281026,18,M,Hispanic
55614,0,X,Unknown
831222,49,F,Hispanic
436294,0,X,Unknown
531784,0,M,White
243715,52,M,Other
662008,63,F,Black
98026,22,F,Hispanic
791649,0,X,Unknown
150546,31,F,Other
117941,32,F,Hispanic
550645,99,F,White
943796,76,M,Hispanic
634139,0,X,Unknown
890278,36,F,Black
39791,23,F,Hispanic
115986,57,M,Black
701108,0,X,Unknown
145651,34,M,White
111640,74,M,Black
897811,56,F,Black
359857,29,F,White
710472,32,M,Hispanic
683041,27,M,Hispanic
961232,5,M,White
817052,57,M,Black
536746,0,X,Unknown
295526,42,M,Other
751763,27,M,Hispanic
305232,45,M,Hispanic
714694,0,X,Unknown
482638,48,M,Hispanic
401239,0,X,Unknown
355182,0,X,Unknown
837186,0,X,Unknown
248635,17,M,Hispanic
632045,47,M,Asian
955472,23,X,Unknown
947300,19,M,Other
909655,27,F,Hispanic
940381,0,X,Unknown
202356,0,X,Unknown
962009,39,M,White
581197,38,F,Black
489633,0,X,Unknown
752678,0,X,Unknown
857706,22,X,Unknown
498561,0,X,Unknown
619760,76,F,White
508216,32,M,Hispanic
589156,52,F,White
904083,27,M,White
605813,35,M,Hispanic
933946,32,M,Other
538304,53,M,White
679420,3,F,White
881218,4,F,Hispanic
716974,43,M,Hispanic
690835,35,M,Unknown
929634,27,F,Black
632342,39,M,White
893480,0,X,Unknown
353330,47,M,Black
794695,36,F,Black
222561,34,M,Black
335133,0,X,Unknown
115795,34,F,Black
633156,25,F,Black
455401,31,M,White
376151,49,F,White
824320,54,F,Other
631127,53,M,Asian
23088,0,X,Unknown
374422,35,M,White
798943,16,M,Hispanic
10849,29,F,Black
938104,61,M,Other
379108,3,M,Black
420319,42,F,White
437410,28,M,Hispanic
369507,4,M,Black
273795,44,F,Black
354096,0,X,Unknown
284287,0,X,Unknown
189707,0,X,Unknown
583788,43,F,White
806197,66,M,White
510674,0,M,Other
592528,24,F,White
536951,0,M,Unknown
228492,53,M,White
857918,35,F,Hispanic
888279,0,X,Unknown
906085,35,M,White
695025,35,M,Unknown
624701,3,M,Black
891797,29,F,Other
875592,47,F,Hispanic
775383,51,F,White
328674,31,M,Other
435662,55,M,White
551736,67,F,Hispanic
546333,66,M,Hispanic
800613,35,F,Hispanic
151107,49,F,White
380856,31,M,Hispanic
331786,0,X,Unknown
339658,69,F,Hispanic
802249,47,M,Unknown
887747,0,X,Unknown
859070,63,M,Black
858214,16,M,Asian
514785,0,X,Unknown
832818,4,M,White
830364,0,X,Unknown
542613,0,X,Unknown
682491,55,M,Black
551205,57,F,White
398705,54,F,Hispanic
268438,48,M,Black
87788,38,M,White
321328,64,F,Black
306235,52,F,Hispanic
841543,51,F,White
842812,29,M,Asian
170619,72,F,Black
676498,0,X,Unknown
42345,38,F,Other
324622,26,F,Other
346260,0,X,Unknown
666246,0,X,Unknown
725196,0,X,Unknown
669610,0,M,White
586656,26,F,White
314646,36,M,White
789796,46,F,White
859128,0,X,Unknown
283982,73,M,Other
14950,0,M,White
586017,38,M,White
431155,3,M,Hispanic
904825,0,X,Unknown
914585,61,F,Black
205952,33,M,White
94525,0,X,Unknown
761414,34,F,Black
486016,0,X,Unknown
542189,0,X,Unknown
254138,57,M,Other
726992,0,X,Unknown
920132,36,M,Hispanic
893868,36,F,Black
824453,53,M,White
340377,55,M,Hispanic
23894,0,X,Unknown
722440,27,F,Hispanic
253226,5,F,Black
6991,0,M,Other
758803,19,F,Hispanic
720900,0,X,Unknown
682563,48,F,Hispanic
464757,54,F,Other
436203,38,M,White
184851,16,F,Hispanic
944614,23,X,Unknown
328045,3,M,Hispanic
194183,0,X,Unknown
525758,12,M,Hispanic
38572,0,X,Unknown
428296,0,X,Unknown
244603,0,X,Unknown
80865,27,M,White
866356,28,F,Hispanic
878138,42,F,White
72630,2,F,Black
947341,0,X,Unknown
894687,0,X,Unknown
209568,0,X,Unknown
3225,0,X,Unknown
934762,0,X,Unknown
298081,0,X,Unknown
287129,3,M,Hispanic
377328,0,X,Unknown
767221,48,F,White
263266,0,X,Unknown
185970,36,M,Hispanic
605419,55,M,Black
809409,19,M,Other
41963,52,F,Black
790605,0,X,Unknown
99860,0,M,Other
752212,38,M,Black
633343,0,X,Unknown
913788,23,X,Unknown
561853,0,X,Unknown
484999,29,F,Hispanic
810441,0,X,Unknown
240994,29,M,White
814547,61,M,White
860910,24,F,Asian
875178,28,M,Black
22991,3,F,White
521529,0,X,Unknown
44258,29,M,White
44627,0,X,Unknown
151656,31,F,White
471453,0,X,Unknown
30400,37,M,White
922133,0,X,Unknown
220177,16,M,Hispanic
817596,49,F,White
590246,0,M,Asian
102208,36,M,Hispanic
376899,6,M,Asian
528379,0,X,Unknown
25522,42,M,Black
181917,5,F,Hispanic
225947,52,F,Hispanic
908735,21,F,Hispanic
40537,0,X,Unknown
492721,54,F,Hispanic
616603,46,F,Black
448783,98,F,White
849547,64,M,Other
3382,56,M,Hispanic
498813,59,M,Other
956761,27,F,Asian
554748,37,M,Hispanic
67534,53,F,Black
691750,3,F,Hispanic
32338,58,M,White
357078,23,F,Hispanic
248028,5,F,Black
5953,61,F,Black
617191,0,X,Unknown
177512,31,F,Black
567553,46,F,Black
745679,42,M,Hispanic
49027,38,F,White
893923,7,M,White
902675,47,F,White
495637,29,F,Other
492120,57,F,Hispanic
601664,41,F,Hispanic
536776,0,X,Unknown
301529,29,F,Black
312117,0,X,Unknown
576045,33,M,Black
537299,28,F,Other
302699,0,X,Unknown
74134,33,M,Black
30614,26,M,Other
553214,0,X,Unknown
715853,42,M,Hispanic
866859,0,X,Unknown
247300,34,M,Hispanic
57888,27,F,Hispanic
423340,53,M,Hispanic
948446,61,M,White
372092,74,M,Hispanic
407159,51,F,Black
886733,0,X,Unknown
479288,54,F,Black
220517,28,M,Black
805157,8,F,White
139654,3,F,Hispanic
540400,43,F,White
121188,0,X,Unknown
882979,44,M,White
927040,4,F,Other
536376,58,M,White
439447,0,X,Unknown
327252,69,M,White
786321,0,X,Unknown
536313,59,F,Black
418462,5,F,White
449460,21,F,Hispanic
794878,0,X,Unknown
705465,62,F,Black
206414,19,F,White
886318,0,X,Unknown
621068,0,X,Unknown
118849,46,F,White
94622,21,F,Black
673384,0,M,White
891822,0,X,Unknown
349719,0,X,Unknown
681745,26,M,Hispanic
175416,42,F,Hispanic
360508,0,M,Black
397254,41,M,Black
373728,2,X,Unknown
644383,29,M,Black
83547,47,M,Hispanic
127421,18,X,Unknown
615636,41,F,Hispanic
238315,29,F,Hispanic
689440,0,M,Other
112579,25,F,Black
201450,35,M,Hispanic
543150,35,M,Hispanic
855232,0,X,Unknown
317829,45,M,White
291077,26,F,White
927189,0,X,Unknown
317061,64,M,Asian
838621,38,M,White
332194,57,M,White
368626,0,X,Unknown
614486,22,F,Asian
802411,0,X,Unknown
861908,32,F,White
903940,0,X,Unknown
202463,42,F,Hispanic
662521,67,F,Hispanic
256038,42,M,White
911720,23,F,Hispanic
128027,11,M,Hispanic
722152,35,M,White
739194,46,F,White
817890,64,M,Asian
9151,7,M,Hispanic
287720,76,M,White
577299,53,F,Black
885180,26,M,White
455702,0,X,Unknown
796542,43,F,Hispanic
936527,0,X,Unknown
711373,51,F,Hispanic
863281,0,X,Unknown
319184,4,M,Black
466991,43,F,Hispanic
362518,3,F,White
250855,62,M,Black
636457,79,M,Hispanic
566055,0,X,Unknown
149216,35,F,Hispanic
648483,52,F,Black
938717,0,X,Unknown
573382,38,M,Hispanic
246229,32,M,White
55757,42,M,Hispanic
233774,35,M,Hispanic
230160,45,M,White
16383,0,X,Unknown
599691,21,M,Other
957715,47,F,Hispanic
794550,2,M,White
35589,25,F,Hispanic
655548,0,X,Unknown
130454,59,F,Black
846889,73,F,Hispanic
14578,39,M,Hispanic
773641,57,F,Other
744605,0,X,Unknown
339182,41,M,Asian
607160,3,F,Black
597501,0,X,Unknown
118572,0,X,Unknown
545096,0,X,Unknown
686040,0,X,Unknown
577792,0,X,Unknown
49916,45,F,White
536181,59,M,Black
882595,45,M,White
327217,37,M,Other
195740,0,X,Unknown
880269,57,F,Black
92283,0,M,White
884794,0,F,Unknown
335562,37,M,Hispanic
404388,64,F,White
695584,2,X,Unknown
803732,14,F,Black
531057,4,F,White
214027,42,M,Black
151718,26,M,White
384513,31,F,Other
187856,38,F,Hispanic
937316,33,M,Other
544988,25,F,Hispanic
48739,43,F,Hispanic
464488,0,M,White
60927,53,F,Black
580252,32,F,Hispanic
106255,0,X,Unknown
746420,22,M,Hispanic
172727,0,X,Unknown
897580,0,X,Unknown
698781,22,F,Asian
842102,22,X,Unknown
444621,29,F,Hispanic
63655,27,M,White
613832,24,F,White
512521,0,X,Unknown
528717,52,F,Hispanic
573520,37,F,Hispanic
268106,62,M,Black
896706,23,X,Unknown
949679,39,M,Hispanic
879736,0,X,Unknown
416597,0,X,Unknown
961197,0,X,Unknown
753017,3,F,Other
446944,21,M,White
71413,4,M,Other
758813,57,F,Other
815146,0,X,Unknown
757142,0,X,Unknown
556535,32,F,Hispanic
606865,5,F,Black
472778,41,F,Hispanic
810881,28,F,White
565962,39,F,White
202649,35,M,White
22495,8,F,Hispanic
341618,38,F,Hispanic
299258,45,M,White
67080,0,X,Unknown
791864,0,X,Unknown
390510,0,X,Unknown
553049,57,M,Black
604739,22,M,White
817238,59,F,White
863154,2,F,Hispanic
129883,57,M,Black
349722,22,F,Hispanic
553282,54,F,Black
218220,4,F,Asian
327529,59,M,White
293639,0,X,Unknown
721703,22,X,Unknown
550803,19,M,Hispanic
758057,32,F,Hispanic
774691,0,X,Unknown
689434,22,M,Hispanic
924617,49,F,Hispanic
893010,35,M,White
627305,21,X,Unknown
161168,31,F,Hispanic
19704,22,M,Hispanic
75546,32,F,Black
216865,28,F,Hispanic
397544,3,M,Black
658871,38,M,Hispanic
667894,41,F,Asian
258829,0,X,Unknown
330973,46,M,Black
94988,37,F,Hispanic
390911,73,M,Hispanic
868203,7,M,Other
156246,58,M,Black
295611,71,F,Black
260297,51,M,Hispanic
513504,36,F,Black
785684,33,F,White
474628,28,F,White
860431,78,M,Other
183682,22,M,Hispanic
575604,55,F,Hispanic
620281,0,X,Unknown
646416,56,M,Black
852150,2,M,Hispanic
623471,24,F,White
871361,61,F,White
214841,27,F,Black
413083,35,F,Black
666403,32,M,White
863320,3,F,Hispanic
738653,49,M,Black
574703,17,F,Black
634113,3,F,Hispanic
254380,28,M,Black
757054,0,X,Unknown
899118,29,M,White
269730,52,F,White
434664,0,X,Unknown
564182,78,M,White
244375,69,M,Other
865008,0,X,Unknown
820246,68,M,Other
335969,0,X,Unknown
336721,22,F,White
615862,48,M,Hispanic
367025,39,M,White
202571,2,F,Black
141360,24,M,White
159324,65,M,Other
911451,19,F,White
937661,0,X,Unknown
958425,0,M,White
400766,31,F,Black
500721,63,M,White
515853,45,M,Hispanic
409105,37,M,Hispanic
188835,0,X,Unknown
117715,24,M,White
747701,0,X,Unknown
717118,68,M,Hispanic
60623,56,F,Hispanic
175701,74,F,Other
765240,18,F,Hispanic
440836,29,M,Black
793772,58,F,White
294920,63,M,White
71002,35,M,Black
396898,56,M,White
128692,0,X,Unknown
489748,64,M,White
330218,51,F,White
281981,51,F,Black
320509,35,F,Other
710063,5,F,Other
353310,0,X,Unknown
375791,66,F,Black
131700,58,F,Hispanic
691561,25,M,Other
526299,32,F,Hispanic
777370,28,M,White
462592,19,X,Unknown
163077,25,M,Hispanic
312757,22,M,Hispanic
637671,42,M,White
460546,0,X,Unknown
94281,21,M,Hispanic
694655,91,F,Asian
957589,32,M,Other
74352,39,F,Hispanic
571235,0,X,Unknown
483767,62,M,White
408763,26,F,Asian
919031,16,M,Hispanic
518830,29,F,Black
454470,7,F,Asian
676578,0,M,Hispanic
312243,24,F,Hispanic
741439,0,X,Unknown
815181,18,F,Hispanic
624419,38,F,Other
863103,29,M,Hispanic
728861,9,F,Hispanic
276445,0,X,Unknown
95356,0,X,Unknown
787005,0,M,Black
316272,3,M,Black
771021,66,M,Asian
131394,0,X,Unknown
545348,0,X,Unknown
749359,41,F,Black
302856,43,M,Hispanic
863489,0,X,Unknown
672410,44,F,Asian
69550,24,F,Hispanic
115684,24,M,Other
174243,33,F,Hispanic
591939,0,X,Unknown
699788,28,F,Hispanic
377244,49,F,Hispanic
4486,0,X,Unknown
175302,35,F,White
234866,39,F,Hispanic
256768,15,M,Black
955513,0,X,Unknown
161869,13,F,White
785876,38,F,Hispanic
631594,55,M,Hispanic
227743,24,M,Other
750136,31,F,White
639125,3,F,Hispanic
766450,0,X,Unknown
657928,0,X,Unknown
636936,3,F,Hispanic
225763,32,M,Hispanic
844242,14,M,Hispanic
959500,35,M,Unknown
685748,0,X,Unknown
931329,0,X,Unknown
202979,46,F,Hispanic
506941,53,F,Black
704890,34,M,Black
149498,14,F,Hispanic
141174,2,F,Hispanic
601898,69,F,Hispanic
687720,54,F,White
182894,0,X,Unknown
512747,0,X,Unknown
466930,18,F,Black
521377,29,F,Hispanic
765743,55,M,Hispanic
543155,44,F,Hispanic
861966,74,F,White
580754,59,F,Black
448092,26,M,Asian
750414,57,F,White
31671,5,F,Black
708138,49,M,Asian
212114,4,F,Other
228125,6,F,White
678916,46,M,Hispanic
67948,0,X,Unknown
247533,0,X,Unknown
454720,18,M,Black
550943,0,X,Unknown
617471,6,M,Hispanic
864967,0,X,Unknown
240126,46,M,White
828190,27,F,Hispanic
713208,43,F,White
825937,0,X,Unknown
632660,21,M,Other
368636,0,X,Unknown
286360,49,M,White
608781,0,X,Unknown
860756,52,F,Black
655573,0,M,White
3396,88,F,White
386807,51,F,Hispanic
915897,0,X,Unknown
420693,35,M,Hispanic
84817,3,M,Other
268648,0,X,Unknown
256120,46,F,Black
619663,57,F,Black
956059,43,M,Hispanic
224513,48,M,White
880366,39,F,Other
834437,35,F,Other
897449,61,F,Black
243143,53,F,Hispanic
256411,36,M,White
900893,0,X,Unknown
325963,69,M,Hispanic
855950,18,F,Hispanic
616492,33,F,Hispanic
272833,0,X,Unknown
858590,38,F,Hispanic
812470,26,M,White
144779,0,X,Unknown
762679,33,M,Hispanic
337118,49,M,Black
722327,0,X,Unknown
835232,0,M,White
464495,28,F,Hispanic
331063,5,M,Hispanic
811892,5,M,Hispanic
412520,66,M,Hispanic
801122,32,F,Hispanic
664333,27,F,Hispanic
609931,3,M,White
231756,0,X,Unknown
191474,58,M,Black
746262,47,F,Black
909146,0,X,Unknown
806341,0,X,Unknown
530250,0,X,Unknown
551595,0,M,Other
495946,38,M,White
412216,55,F,White
799082,44,M,Other
233455,43,F,Black
195745,34,M,White
562434,0,X,Unknown
824138,32,F,Hispanic
919241,0,X,Unknown
892921,15,M,Hispanic
814867,0,X,Unknown
43227,52,M,Hispanic
664467,0,X,Unknown
116373,0,X,Unknown
336837,39,M,White
720343,38,F,Hispanic
340028,38,F,Black
259957,51,M,Black
276836,5,M,White
818990,51,F,Hispanic
878388,26,M,Hispanic
184274,0,X,Unknown
844635,0,X,Unknown
456533,0,X,Unknown
390947,26,F,Hispanic
321889,61,F,White
223757,41,M,Hispanic
689877,55,F,Other
886570,5,M,White
911059,0,X,Unknown
674758,0,X,Unknown
518329,54,M,Black
317957,27,F,White
915682,42,M,Other
100801,31,M,White
590852,73,F,Black
741643,2,F,White
55783,32,M,Other
46978,0,X,Unknown
916745,35,M,White
775694,0,X,Unknown
101136,28,F,Black
312989,22,F,Black
274413,37,M,Hispanic
694527,55,M,Hispanic
634839,14,F,Hispanic
543257,24,F,Hispanic
559814,35,M,Black
900480,32,F,Hispanic
445800,0,X,Unknown
638858,67,F,White
8020,19,X,Unknown
75075,22,F,White
585499,49,F,Hispanic
749070,0,X,Unknown
584111,33,F,Other
131764,34,F,Hispanic
620968,43,M,White
521855,48,F,White
714699,38,M,Asian
12293,48,M,Asian
860461,0,X,Unknown
666366,26,M,White
540927,0,X,Unknown
837042,0,X,Unknown
584833,5,F,White
868731,38,F,Hispanic
549915,34,M,Hispanic
637511,26,F,White
940337,28,M,Other
898579,0,X,Unknown
265025,28,M,Other
709878,2,M,Hispanic
769108,0,X,Unknown
482987,51,F,Asian
702718,32,M,White
371954,2,X,Unknown
303719,32,F,White
959084,21,F,Other
238534,46,F,Hispanic
328489,0,X,Unknown
67642,33,M,Black
946883,0,X,Unknown
861674,29,M,Black
882493,53,F,Black
387642,26,F,White
962290,34,F,White
115003,0,X,Unknown
795763,59,M,White
679751,47,M,Black
783759,4,M,Hispanic
458125,37,M,Hispanic
531706,56,M,White
170538,46,F,White
680638,33,M,Hispanic
782800,0,X,Unknown
150195,78,F,Hispanic
538818,39,M,Hispanic
657686,32,F,White
45528,12,F,Black
511911,35,M,Hispanic
749422,64,M,White
803763,0,X,Unknown
607883,0,X,Unknown
861252,32,F,Guamanian
678434,0,X,Unknown
745021,22,F,Hispanic
118007,87,M,Black
542852,17,F,White
234925,33,F,White
280777,0,X,Unknown
764892,64,F,Asian
252241,0,X,Unknown
602858,0,X,Unknown
535160,29,M,Hispanic
665162,24,F,White
317838,0,X,Unknown
668393,24,F,Hispanic
526641,26,M,Asian
365367,0,X,Unknown
597775,19,M,Hispanic
716071,72,F,White
191468,0,X,Unknown
676496,0,X,Unknown
752098,32,F,Hispanic
248192,29,M,Hispanic
438013,0,M,Other
768371,37,M,White
557062,64,F,Hispanic
80775,0,X,Unknown
100005,77,M,Hispanic
53016,49,F,Asian
632161,22,F,Hispanic
503369,0,X,Unknown
102335,56,M,Black
662479,58,M,Hispanic
314063,23,F,Black
467606,71,M,Other
478364,37,F,Hispanic
486746,27,M,Hispanic
615901,53,F,Other
390774,68,M,White
339395,5,M,Black
644659,56,F,Black
121812,3,F,Hispanic
176987,56,M,Other
170293,33,M,Hispanic
212807,35,M,White
445893,34,M,Other
223954,0,X,Unknown
745989,14,F,Hispanic
922566,42,F,Other
378319,43,M,Hispanic
369050,66,M,White
431397,37,M,Hispanic
112216,45,F,Hispanic
305733,0,M,White
10118,0,X,Unknown
17000,41,M,Black
841176,25,M,Hispanic
472292,0,X,Unknown
189896,33,M,White
744827,4,M,Other
85629,27,F,Black
419831,27,F,Black
252295,25,M,Asian
683502,34,F,White
144872,0,X,Unknown
432313,22,F,Hispanic
630985,35,F,White
705016,0,X,Unknown
377359,0,X,Unknown
547272,21,F,Hispanic
898572,0,X,Unknown
703621,0,X,Unknown
361101,2,F,White
493412,44,M,White
440945,24,F,Hispanic
885343,3,F,Asian
634719,0,X,Unknown
10121,34,M,Asian
707863,0,X,Unknown
214768,31,F,Hispanic
843926,31,F,Black
96973,26,F,Hispanic
662726,22,F,White
488671,0,X,Unknown
671824,28,F,White
699003,25,M,Hispanic
168431,84,M,Hispanic
254018,59,M,White
791812,22,M,Hispanic
205836,19,X,Unknown
447443,5,M,White
817098,25,F,Black
917204,61,M,White
138617,24,M,Hispanic
593899,31,F,Hispanic
527814,0,X,Unknown
813217,48,M,White
335861,0,X,Unknown
724902,0,M,Unknown
170743,31,F,White
626852,25,F,Other
67885,0,X,Unknown
531552,2,M,Hispanic
198413,2,M,Asian
735192,19,F,Black
663994,29,F,Black
767790,0,X,Unknown
841934,19,M,Hispanic
683479,0,X,Unknown
813405,0,X,Unknown
951459,35,F,Hispanic
350573,0,X,Unknown
859073,35,M,Hispanic
943833,3,M,Black
847629,0,X,Unknown
230912,0,M,Other
84849,25,F,Hispanic
662853,0,X,Unknown
740786,38,M,Other
875702,5,F,Black
598173,52,F,Hispanic
155809,22,F,Hispanic
862837,0,M,White
811998,29,M,Hispanic
533124,0,X,Unknown
44786,65,F,Black
123919,38,F,Asian
171943,0,X,Unknown
439601,0,X,Unknown
953269,35,M,Hispanic
935948,27,F,White
203027,79,M,Black
494337,44,M,Hispanic
639285,0,X,Unknown
761549,19,M,Hispanic
821767,31,M,Other
493183,3,F,Hispanic
232847,0,X,Unknown
514044,23,F,Black
160871,27,M,Black
722116,55,M,Hispanic
574055,28,M,Black
573816,0,X,Unknown
439256,0,M,Other
157461,0,X,Unknown
173187,23,M,Hispanic
266690,34,M,Hispanic
8593,19,X,Unknown
27318,0,X,Unknown
403727,3,F,Laotian
623620,0,X,Unknown
61248,27,M,Hispanic
619125,59,F,Black
12548,28,M,Hispanic
844181,22,M,Black
43234,34,M,Hispanic
615422,67,F,White
873105,31,M,Hispanic
229536,38,F,Hispanic
61152,69,M,Hispanic
870731,9,F,Hispanic
797807,0,X,Unknown
498519,0,X,Unknown
778022,22,M,Hispanic
121045,47,F,White
501832,47,F,Black
734960,22,F,Black
69868,62,M,Hispanic
695921,42,F,Hispanic
51064,44,M,White
529768,25,F,White
714441,21,F,White
881905,55,M,Black
686716,0,X,Unknown
154906,22,F,Hispanic
316792,79,F,Black
162916,34,M,Hispanic
85916,23,M,Hispanic
126226,57,F,Hispanic
559761,41,M,Hispanic
869621,33,F,Black
241583,41,M,Black
33225,3,F,Hispanic
30786,0,X,Unknown
457303,0,X,Unknown
518108,17,F,Hispanic
503832,28,M,Hispanic
104631,12,F,Black
548297,67,M,Hispanic
645067,32,F,White
712467,38,M,White
210370,31,M,Hispanic
618033,28,M,Asian
916832,26,M,White
266847,7,M,White
897299,0,X,Unknown
272664,65,M,Hispanic
132577,0,X,Unknown
271486,26,M,Hispanic
12340,0,X,Unknown
317666,3,M,Hispanic
895088,14,F,Hispanic
302516,25,F,Hispanic
317645,28,M,White
