Weapon,CrimeId
"STRONG-ARM (HANDS, FIST, FEET OR BODILY FORCE)",55700
"STRONG-ARM (HANDS, FIST, FEET OR BODILY FORCE)",391421
"STRONG-ARM (HANDS, FIST, FEET OR BODILY FORCE)",81658
VEHICLE,554196
HAND GUN,534933
STICK,249473
"STRONG-ARM (HANDS, FIST, FEET OR BODILY FORCE)",287699
"STRONG-ARM (HANDS, FIST, FEET OR BODILY FORCE)",356874
"STRONG-ARM (HANDS, FIST, FEET OR BODILY FORCE)",254660
VERBAL THREAT,628326
"STRONG-ARM (HANDS, FIST, FEET OR BODILY FORCE)",858372
HAND GUN,468775
CONCRETE BLOCK/BRICK,22805
"STRONG-ARM (HANDS, FIST, FEET OR BODILY FORCE)",25633
HAND GUN,270118
STICK,364449
UNKNOWN WEAPON/OTHER WEAPON,825269
"STRONG-ARM (HANDS, FIST, FEET OR BODILY FORCE)",966008
"STRONG-ARM (HANDS, FIST, FEET OR BODILY FORCE)",796463
VERBAL THREAT,185611
VERBAL THREAT,234939
"STRONG-ARM (HANDS, FIST, FEET OR BODILY FORCE)",943867
HAND GUN,164864
AIR PISTOL/REVOLVER/RIFLE/BB GUN,965726
SCALDING LIQUID,971229
"STRONG-ARM (HANDS, FIST, FEET OR BODILY FORCE)",604346
VERBAL THREAT,805261
UNKNOWN FIREARM,199167
"STRONG-ARM (HANDS, FIST, FEET OR BODILY FORCE)",156490
"STRONG-ARM (HANDS, FIST, FEET OR BODILY FORCE)",973284
"STRONG-ARM (HANDS, FIST, FEET OR BODILY FORCE)",67552
VERBAL THREAT,945089
"STRONG-ARM (HANDS, FIST, FEET OR BODILY FORCE)",589342
"STRONG-ARM (HANDS, FIST, FEET OR BODILY FORCE)",641743
"STRONG-ARM (HANDS, FIST, FEET OR BODILY FORCE)",146154
"STRONG-ARM (HANDS, FIST, FEET OR BODILY FORCE)",872974
BOMB THREAT,73591
"STRONG-ARM (HANDS, FIST, FEET OR BODILY FORCE)",694953
"STRONG-ARM (HANDS, FIST, FEET OR BODILY FORCE)",200134
OTHER KNIFE,638717
OTHER KNIFE,812136
"STRONG-ARM (HANDS, FIST, FEET OR BODILY FORCE)",973224
VERBAL THREAT,551997
SEMI-AUTOMATIC PISTOL,81781
"STRONG-ARM (HANDS, FIST, FEET OR BODILY FORCE)",237494
"STRONG-ARM (HANDS, FIST, FEET OR BODILY FORCE)",377000
"STRONG-ARM (HANDS, FIST, FEET OR BODILY FORCE)",825922
"STRONG-ARM (HANDS, FIST, FEET OR BODILY FORCE)",106038
"STRONG-ARM (HANDS, FIST, FEET OR BODILY FORCE)",459305
UNKNOWN WEAPON/OTHER WEAPON,804220
VERBAL THREAT,582991
"STRONG-ARM (HANDS, FIST, FEET OR BODILY FORCE)",543467
"STRONG-ARM (HANDS, FIST, FEET OR BODILY FORCE)",102224
"STRONG-ARM (HANDS, FIST, FEET OR BODILY FORCE)",77839
PIPE/METAL PIPE,261101
"STRONG-ARM (HANDS, FIST, FEET OR BODILY FORCE)",779607
VERBAL THREAT,271034
UNKNOWN FIREARM,973897
UNKNOWN FIREARM,546803
HAND GUN,571408
VERBAL THREAT,289023
VERBAL THREAT,150332
UNKNOWN WEAPON/OTHER WEAPON,943604
"STRONG-ARM (HANDS, FIST, FEET OR BODILY FORCE)",142132
MACE/PEPPER SPRAY,361137
"STRONG-ARM (HANDS, FIST, FEET OR BODILY FORCE)",944422
UNKNOWN WEAPON/OTHER WEAPON,690950
UNKNOWN WEAPON/OTHER WEAPON,972855
PIPE/METAL PIPE,964252
UNKNOWN WEAPON/OTHER WEAPON,144047
"STRONG-ARM (HANDS, FIST, FEET OR BODILY FORCE)",62852
BOTTLE,817900
"STRONG-ARM (HANDS, FIST, FEET OR BODILY FORCE)",786936
PIPE/METAL PIPE,447886
"STRONG-ARM (HANDS, FIST, FEET OR BODILY FORCE)",940459
UNKNOWN WEAPON/OTHER WEAPON,650637
UNKNOWN WEAPON/OTHER WEAPON,357720
UNKNOWN FIREARM,621341
HAND GUN,595581
"STRONG-ARM (HANDS, FIST, FEET OR BODILY FORCE)",970770
"STRONG-ARM (HANDS, FIST, FEET OR BODILY FORCE)",437720
UNKNOWN WEAPON/OTHER WEAPON,510146
HAND GUN,816032
"STRONG-ARM (HANDS, FIST, FEET OR BODILY FORCE)",185438
"STRONG-ARM (HANDS, FIST, FEET OR BODILY FORCE)",502521
KITCHEN KNIFE,289991
"STRONG-ARM (HANDS, FIST, FEET OR BODILY FORCE)",201177
"STRONG-ARM (HANDS, FIST, FEET OR BODILY FORCE)",674666
"STRONG-ARM (HANDS, FIST, FEET OR BODILY FORCE)",903429
"STRONG-ARM (HANDS, FIST, FEET OR BODILY FORCE)",806204
UNKNOWN WEAPON/OTHER WEAPON,335174
SCREWDRIVER,116807
SCREWDRIVER,295145
UNKNOWN WEAPON/OTHER WEAPON,129033
KNIFE WITH BLADE 6INCHES OR LESS,755200
HAMMER,916401
"STRONG-ARM (HANDS, FIST, FEET OR BODILY FORCE)",53180
"STRONG-ARM (HANDS, FIST, FEET OR BODILY FORCE)",295173
"STRONG-ARM (HANDS, FIST, FEET OR BODILY FORCE)",90827
"STRONG-ARM (HANDS, FIST, FEET OR BODILY FORCE)",84114
"STRONG-ARM (HANDS, FIST, FEET OR BODILY FORCE)",812103
"STRONG-ARM (HANDS, FIST, FEET OR BODILY FORCE)",742732
"STRONG-ARM (HANDS, FIST, FEET OR BODILY FORCE)",81115
"STRONG-ARM (HANDS, FIST, FEET OR BODILY FORCE)",472720
"STRONG-ARM (HANDS, FIST, FEET OR BODILY FORCE)",432485
"STRONG-ARM (HANDS, FIST, FEET OR BODILY FORCE)",864150
"STRONG-ARM (HANDS, FIST, FEET OR BODILY FORCE)",633985
"STRONG-ARM (HANDS, FIST, FEET OR BODILY FORCE)",196883
OTHER KNIFE,700323
UNKNOWN WEAPON/OTHER WEAPON,150421
HAND GUN,842332
SEMI-AUTOMATIC PISTOL,975833
"STRONG-ARM (HANDS, FIST, FEET OR BODILY FORCE)",943883
"STRONG-ARM (HANDS, FIST, FEET OR BODILY FORCE)",369787
KNIFE WITH BLADE OVER 6 INCHES IN LENGTH,973210
UNKNOWN WEAPON/OTHER WEAPON,930006
VEHICLE,551296
"STRONG-ARM (HANDS, FIST, FEET OR BODILY FORCE)",863971
UNKNOWN WEAPON/OTHER WEAPON,70532
UNKNOWN WEAPON/OTHER WEAPON,183344
CLUB/BAT,908088
MACE/PEPPER SPRAY,725830
"STRONG-ARM (HANDS, FIST, FEET OR BODILY FORCE)",152262
UNKNOWN WEAPON/OTHER WEAPON,349871
SEMI-AUTOMATIC PISTOL,807009
"STRONG-ARM (HANDS, FIST, FEET OR BODILY FORCE)",846701
BOTTLE,168310
UNKNOWN WEAPON/OTHER WEAPON,126517
"STRONG-ARM (HANDS, FIST, FEET OR BODILY FORCE)",728203
"STRONG-ARM (HANDS, FIST, FEET OR BODILY FORCE)",4994
"STRONG-ARM (HANDS, FIST, FEET OR BODILY FORCE)",422960
"STRONG-ARM (HANDS, FIST, FEET OR BODILY FORCE)",72468
STUN GUN,357780
UNKNOWN WEAPON/OTHER WEAPON,942740
"STRONG-ARM (HANDS, FIST, FEET OR BODILY FORCE)",774971
"STRONG-ARM (HANDS, FIST, FEET OR BODILY FORCE)",392480
BOTTLE,972566
PIPE/METAL PIPE,476613
"STRONG-ARM (HANDS, FIST, FEET OR BODILY FORCE)",106631
UNKNOWN FIREARM,478432
"STRONG-ARM (HANDS, FIST, FEET OR BODILY FORCE)",12460
"STRONG-ARM (HANDS, FIST, FEET OR BODILY FORCE)",314036
"STRONG-ARM (HANDS, FIST, FEET OR BODILY FORCE)",930406
"STRONG-ARM (HANDS, FIST, FEET OR BODILY FORCE)",971581
UNKNOWN WEAPON/OTHER WEAPON,950813
"STRONG-ARM (HANDS, FIST, FEET OR BODILY FORCE)",254846
"STRONG-ARM (HANDS, FIST, FEET OR BODILY FORCE)",500840
"STRONG-ARM (HANDS, FIST, FEET OR BODILY FORCE)",250576
"STRONG-ARM (HANDS, FIST, FEET OR BODILY FORCE)",605698
SWITCH BLADE,177791
"STRONG-ARM (HANDS, FIST, FEET OR BODILY FORCE)",454502
"STRONG-ARM (HANDS, FIST, FEET OR BODILY FORCE)",972718
CLUB/BAT,963278
FOLDING KNIFE,898260
VERBAL THREAT,241394
"STRONG-ARM (HANDS, FIST, FEET OR BODILY FORCE)",146846
"STRONG-ARM (HANDS, FIST, FEET OR BODILY FORCE)",380826
UNKNOWN WEAPON/OTHER WEAPON,75875
"STRONG-ARM (HANDS, FIST, FEET OR BODILY FORCE)",383670
OTHER KNIFE,209071
UNKNOWN WEAPON/OTHER WEAPON,857003
CLUB/BAT,9524
AXE,183405
TOY GUN,26242
"STRONG-ARM (HANDS, FIST, FEET OR BODILY FORCE)",54640
UNKNOWN FIREARM,693507
"STRONG-ARM (HANDS, FIST, FEET OR BODILY FORCE)",842553
"STRONG-ARM (HANDS, FIST, FEET OR BODILY FORCE)",123745
BOTTLE,603797
UNKNOWN WEAPON/OTHER WEAPON,703430
"STRONG-ARM (HANDS, FIST, FEET OR BODILY FORCE)",791746
SEMI-AUTOMATIC PISTOL,282696
"STRONG-ARM (HANDS, FIST, FEET OR BODILY FORCE)",255690
"STRONG-ARM (HANDS, FIST, FEET OR BODILY FORCE)",350629
UNKNOWN WEAPON/OTHER WEAPON,701864
"STRONG-ARM (HANDS, FIST, FEET OR BODILY FORCE)",97104
VERBAL THREAT,681463
"STRONG-ARM (HANDS, FIST, FEET OR BODILY FORCE)",972868
"STRONG-ARM (HANDS, FIST, FEET OR BODILY FORCE)",979412
UNKNOWN WEAPON/OTHER WEAPON,979849
"STRONG-ARM (HANDS, FIST, FEET OR BODILY FORCE)",559590
"STRONG-ARM (HANDS, FIST, FEET OR BODILY FORCE)",200184
UNKNOWN WEAPON/OTHER WEAPON,472679
MACE/PEPPER SPRAY,343757
"STRONG-ARM (HANDS, FIST, FEET OR BODILY FORCE)",382398
"STRONG-ARM (HANDS, FIST, FEET OR BODILY FORCE)",255847
VERBAL THREAT,158036
"STRONG-ARM (HANDS, FIST, FEET OR BODILY FORCE)",198539
UNKNOWN WEAPON/OTHER WEAPON,228286
"STRONG-ARM (HANDS, FIST, FEET OR BODILY FORCE)",741394
"STRONG-ARM (HANDS, FIST, FEET OR BODILY FORCE)",739547
"STRONG-ARM (HANDS, FIST, FEET OR BODILY FORCE)",781562
"STRONG-ARM (HANDS, FIST, FEET OR BODILY FORCE)",970846
UNKNOWN WEAPON/OTHER WEAPON,724244
SEMI-AUTOMATIC PISTOL,49752
"STRONG-ARM (HANDS, FIST, FEET OR BODILY FORCE)",705522
"STRONG-ARM (HANDS, FIST, FEET OR BODILY FORCE)",576513
"STRONG-ARM (HANDS, FIST, FEET OR BODILY FORCE)",827264
VERBAL THREAT,284334
"STRONG-ARM (HANDS, FIST, FEET OR BODILY FORCE)",24619
"STRONG-ARM (HANDS, FIST, FEET OR BODILY FORCE)",318285
UNKNOWN FIREARM,893962
VERBAL THREAT,670159
"STRONG-ARM (HANDS, FIST, FEET OR BODILY FORCE)",667353
UNKNOWN FIREARM,700314
"STRONG-ARM (HANDS, FIST, FEET OR BODILY FORCE)",147282
"STRONG-ARM (HANDS, FIST, FEET OR BODILY FORCE)",936607
"STRONG-ARM (HANDS, FIST, FEET OR BODILY FORCE)",241414
VERBAL THREAT,805372
"STRONG-ARM (HANDS, FIST, FEET OR BODILY FORCE)",653789
UNKNOWN WEAPON/OTHER WEAPON,815121
VERBAL THREAT,271511
SEMI-AUTOMATIC PISTOL,466527
"STRONG-ARM (HANDS, FIST, FEET OR BODILY FORCE)",940691
FOLDING KNIFE,374121
"STRONG-ARM (HANDS, FIST, FEET OR BODILY FORCE)",864787
"STRONG-ARM (HANDS, FIST, FEET OR BODILY FORCE)",848406
"STRONG-ARM (HANDS, FIST, FEET OR BODILY FORCE)",176986
KNIFE WITH BLADE 6INCHES OR LESS,322593
"STRONG-ARM (HANDS, FIST, FEET OR BODILY FORCE)",185153
"STRONG-ARM (HANDS, FIST, FEET OR BODILY FORCE)",452389
"STRONG-ARM (HANDS, FIST, FEET OR BODILY FORCE)",516314
UNKNOWN WEAPON/OTHER WEAPON,854445
"STRONG-ARM (HANDS, FIST, FEET OR BODILY FORCE)",936126
UNKNOWN WEAPON/OTHER WEAPON,975271
VERBAL THREAT,790228
"STRONG-ARM (HANDS, FIST, FEET OR BODILY FORCE)",509262
"STRONG-ARM (HANDS, FIST, FEET OR BODILY FORCE)",974063
MACE/PEPPER SPRAY,923204
UNKNOWN WEAPON/OTHER WEAPON,23375
UNKNOWN WEAPON/OTHER WEAPON,355239
"STRONG-ARM (HANDS, FIST, FEET OR BODILY FORCE)",680162
"STRONG-ARM (HANDS, FIST, FEET OR BODILY FORCE)",384089
STICK,423816
"STRONG-ARM (HANDS, FIST, FEET OR BODILY FORCE)",539644
"STRONG-ARM (HANDS, FIST, FEET OR BODILY FORCE)",764215
VERBAL THREAT,980075
AIR PISTOL/REVOLVER/RIFLE/BB GUN,972403
VERBAL THREAT,420078
UNKNOWN FIREARM,12399
KNIFE WITH BLADE 6INCHES OR LESS,322997
HAND GUN,926931
KITCHEN KNIFE,854264
"STRONG-ARM (HANDS, FIST, FEET OR BODILY FORCE)",415802
"STRONG-ARM (HANDS, FIST, FEET OR BODILY FORCE)",732367
"STRONG-ARM (HANDS, FIST, FEET OR BODILY FORCE)",769677
"STRONG-ARM (HANDS, FIST, FEET OR BODILY FORCE)",126630
"STRONG-ARM (HANDS, FIST, FEET OR BODILY FORCE)",921318
"STRONG-ARM (HANDS, FIST, FEET OR BODILY FORCE)",972348
"STRONG-ARM (HANDS, FIST, FEET OR BODILY FORCE)",812627
UNKNOWN WEAPON/OTHER WEAPON,429611
"STRONG-ARM (HANDS, FIST, FEET OR BODILY FORCE)",14653
BRASS KNUCKLES,783512
HAND GUN,187796
MACE/PEPPER SPRAY,385809
"STRONG-ARM (HANDS, FIST, FEET OR BODILY FORCE)",509478
"STRONG-ARM (HANDS, FIST, FEET OR BODILY FORCE)",968732
"STRONG-ARM (HANDS, FIST, FEET OR BODILY FORCE)",805091
"STRONG-ARM (HANDS, FIST, FEET OR BODILY FORCE)",524362
BLUNT INSTRUMENT,157562
"STRONG-ARM (HANDS, FIST, FEET OR BODILY FORCE)",107106
KNIFE WITH BLADE 6INCHES OR LESS,943070
KITCHEN KNIFE,745118
UNKNOWN WEAPON/OTHER WEAPON,245602
UNKNOWN TYPE CUTTING INSTRUMENT,330977
OTHER CUTTING INSTRUMENT,723815
"STRONG-ARM (HANDS, FIST, FEET OR BODILY FORCE)",788245
"STRONG-ARM (HANDS, FIST, FEET OR BODILY FORCE)",972332
"STRONG-ARM (HANDS, FIST, FEET OR BODILY FORCE)",513094
"STRONG-ARM (HANDS, FIST, FEET OR BODILY FORCE)",970301
"STRONG-ARM (HANDS, FIST, FEET OR BODILY FORCE)",494478
KNIFE WITH BLADE OVER 6 INCHES IN LENGTH,874614
UNKNOWN WEAPON/OTHER WEAPON,535718
"STRONG-ARM (HANDS, FIST, FEET OR BODILY FORCE)",657688
"STRONG-ARM (HANDS, FIST, FEET OR BODILY FORCE)",546753
OTHER KNIFE,897941
"STRONG-ARM (HANDS, FIST, FEET OR BODILY FORCE)",636681
VERBAL THREAT,203883
UNKNOWN FIREARM,964959
HAND GUN,17539
"STRONG-ARM (HANDS, FIST, FEET OR BODILY FORCE)",442280
"STRONG-ARM (HANDS, FIST, FEET OR BODILY FORCE)",307830
KITCHEN KNIFE,79557
"STRONG-ARM (HANDS, FIST, FEET OR BODILY FORCE)",700713
STUN GUN,357413
"STRONG-ARM (HANDS, FIST, FEET OR BODILY FORCE)",428115
"STRONG-ARM (HANDS, FIST, FEET OR BODILY FORCE)",278128
UNKNOWN WEAPON/OTHER WEAPON,669027
UNKNOWN WEAPON/OTHER WEAPON,809284
HAND GUN,859098
"STRONG-ARM (HANDS, FIST, FEET OR BODILY FORCE)",976660
UNKNOWN FIREARM,974055
KNIFE WITH BLADE OVER 6 INCHES IN LENGTH,63159
UNKNOWN FIREARM,965594
"STRONG-ARM (HANDS, FIST, FEET OR BODILY FORCE)",351583
HAND GUN,131748
"STRONG-ARM (HANDS, FIST, FEET OR BODILY FORCE)",973949
CLUB/BAT,201993
FOLDING KNIFE,631106
UNKNOWN WEAPON/OTHER WEAPON,748932
"STRONG-ARM (HANDS, FIST, FEET OR BODILY FORCE)",116146
VERBAL THREAT,728744
"STRONG-ARM (HANDS, FIST, FEET OR BODILY FORCE)",828687
"STRONG-ARM (HANDS, FIST, FEET OR BODILY FORCE)",859064
HAND GUN,387764
HAND GUN,333062
OTHER CUTTING INSTRUMENT,437623
"STRONG-ARM (HANDS, FIST, FEET OR BODILY FORCE)",869510
UNKNOWN FIREARM,364029
"STRONG-ARM (HANDS, FIST, FEET OR BODILY FORCE)",780082
UNKNOWN FIREARM,384559
UNKNOWN WEAPON/OTHER WEAPON,661751
VERBAL THREAT,151083
"STRONG-ARM (HANDS, FIST, FEET OR BODILY FORCE)",826779
"STRONG-ARM (HANDS, FIST, FEET OR BODILY FORCE)",900015
"STRONG-ARM (HANDS, FIST, FEET OR BODILY FORCE)",194152
"STRONG-ARM (HANDS, FIST, FEET OR BODILY FORCE)",132477
"STRONG-ARM (HANDS, FIST, FEET OR BODILY FORCE)",469013
HAMMER,805273
"STRONG-ARM (HANDS, FIST, FEET OR BODILY FORCE)",596637
"STRONG-ARM (HANDS, FIST, FEET OR BODILY FORCE)",468558
"STRONG-ARM (HANDS, FIST, FEET OR BODILY FORCE)",354663
CLUB/BAT,83372
VERBAL THREAT,736934
"STRONG-ARM (HANDS, FIST, FEET OR BODILY FORCE)",235860
"STRONG-ARM (HANDS, FIST, FEET OR BODILY FORCE)",556444
"STRONG-ARM (HANDS, FIST, FEET OR BODILY FORCE)",791350
HAND GUN,426033
MACE/PEPPER SPRAY,488602
VERBAL THREAT,536280
"STRONG-ARM (HANDS, FIST, FEET OR BODILY FORCE)",255554
"STRONG-ARM (HANDS, FIST, FEET OR BODILY FORCE)",619624
"STRONG-ARM (HANDS, FIST, FEET OR BODILY FORCE)",861594
OTHER FIREARM,656473
"STRONG-ARM (HANDS, FIST, FEET OR BODILY FORCE)",681344
"STRONG-ARM (HANDS, FIST, FEET OR BODILY FORCE)",281812
"STRONG-ARM (HANDS, FIST, FEET OR BODILY FORCE)",139329
"STRONG-ARM (HANDS, FIST, FEET OR BODILY FORCE)",969945
SCISSORS,14131
OTHER KNIFE,869025
UNKNOWN WEAPON/OTHER WEAPON,402372
"STRONG-ARM (HANDS, FIST, FEET OR BODILY FORCE)",817973
"STRONG-ARM (HANDS, FIST, FEET OR BODILY FORCE)",679003
"STRONG-ARM (HANDS, FIST, FEET OR BODILY FORCE)",929773
"STRONG-ARM (HANDS, FIST, FEET OR BODILY FORCE)",219860
"STRONG-ARM (HANDS, FIST, FEET OR BODILY FORCE)",775337
VERBAL THREAT,765142
UNKNOWN WEAPON/OTHER WEAPON,658223
UNKNOWN WEAPON/OTHER WEAPON,464947
"STRONG-ARM (HANDS, FIST, FEET OR BODILY FORCE)",864588
"STRONG-ARM (HANDS, FIST, FEET OR BODILY FORCE)",515287
VERBAL THREAT,327126
"STRONG-ARM (HANDS, FIST, FEET OR BODILY FORCE)",875363
"STRONG-ARM (HANDS, FIST, FEET OR BODILY FORCE)",728339
UNKNOWN WEAPON/OTHER WEAPON,228924
CLUB/BAT,593000
KITCHEN KNIFE,973649
"STRONG-ARM (HANDS, FIST, FEET OR BODILY FORCE)",104311
"STRONG-ARM (HANDS, FIST, FEET OR BODILY FORCE)",631803
UNKNOWN WEAPON/OTHER WEAPON,5152
"STRONG-ARM (HANDS, FIST, FEET OR BODILY FORCE)",471727
"STRONG-ARM (HANDS, FIST, FEET OR BODILY FORCE)",334575
UNKNOWN WEAPON/OTHER WEAPON,203395
"STRONG-ARM (HANDS, FIST, FEET OR BODILY FORCE)",512451
"STRONG-ARM (HANDS, FIST, FEET OR BODILY FORCE)",680731
OTHER FIREARM,980679
HAND GUN,361668
"STRONG-ARM (HANDS, FIST, FEET OR BODILY FORCE)",680121
"STRONG-ARM (HANDS, FIST, FEET OR BODILY FORCE)",811781
HAND GUN,964597
"STRONG-ARM (HANDS, FIST, FEET OR BODILY FORCE)",835565
PIPE/METAL PIPE,604556
OTHER KNIFE,16142
"STRONG-ARM (HANDS, FIST, FEET OR BODILY FORCE)",961363
HAND GUN,449244
"STRONG-ARM (HANDS, FIST, FEET OR BODILY FORCE)",804513
"STRONG-ARM (HANDS, FIST, FEET OR BODILY FORCE)",384202
VERBAL THREAT,402715
ROCK/THROWN OBJECT,99701
"STRONG-ARM (HANDS, FIST, FEET OR BODILY FORCE)",137387
"STRONG-ARM (HANDS, FIST, FEET OR BODILY FORCE)",251740
VERBAL THREAT,42348
"STRONG-ARM (HANDS, FIST, FEET OR BODILY FORCE)",866877
"STRONG-ARM (HANDS, FIST, FEET OR BODILY FORCE)",147842
"STRONG-ARM (HANDS, FIST, FEET OR BODILY FORCE)",222248
UNKNOWN WEAPON/OTHER WEAPON,739661
"STRONG-ARM (HANDS, FIST, FEET OR BODILY FORCE)",712805
"STRONG-ARM (HANDS, FIST, FEET OR BODILY FORCE)",827623
"STRONG-ARM (HANDS, FIST, FEET OR BODILY FORCE)",529905
UNKNOWN WEAPON/OTHER WEAPON,552002
VERBAL THREAT,963802
AIR PISTOL/REVOLVER/RIFLE/BB GUN,402640
"STRONG-ARM (HANDS, FIST, FEET OR BODILY FORCE)",901220
"STRONG-ARM (HANDS, FIST, FEET OR BODILY FORCE)",273269
VEHICLE,968981
"STRONG-ARM (HANDS, FIST, FEET OR BODILY FORCE)",581654
"STRONG-ARM (HANDS, FIST, FEET OR BODILY FORCE)",979957
HAND GUN,113677
"STRONG-ARM (HANDS, FIST, FEET OR BODILY FORCE)",257905
VERBAL THREAT,88881
BOTTLE,935251
ROCK/THROWN OBJECT,46269
"STRONG-ARM (HANDS, FIST, FEET OR BODILY FORCE)",544716
"STRONG-ARM (HANDS, FIST, FEET OR BODILY FORCE)",764651
VERBAL THREAT,513161
VERBAL THREAT,621296
"STRONG-ARM (HANDS, FIST, FEET OR BODILY FORCE)",699265
HAND GUN,700820
"STRONG-ARM (HANDS, FIST, FEET OR BODILY FORCE)",851472
"STRONG-ARM (HANDS, FIST, FEET OR BODILY FORCE)",825240
UNKNOWN WEAPON/OTHER WEAPON,48760
SHOTGUN,552650
VERBAL THREAT,680034
"STRONG-ARM (HANDS, FIST, FEET OR BODILY FORCE)",476217
BLUNT INSTRUMENT,406358
VERBAL THREAT,142264
"STRONG-ARM (HANDS, FIST, FEET OR BODILY FORCE)",976004
"STRONG-ARM (HANDS, FIST, FEET OR BODILY FORCE)",462029
VERBAL THREAT,407491
ROCK/THROWN OBJECT,253169
"STRONG-ARM (HANDS, FIST, FEET OR BODILY FORCE)",94444
UNKNOWN FIREARM,196617
UNKNOWN WEAPON/OTHER WEAPON,588562
"STRONG-ARM (HANDS, FIST, FEET OR BODILY FORCE)",330283
"STRONG-ARM (HANDS, FIST, FEET OR BODILY FORCE)",110616
"STRONG-ARM (HANDS, FIST, FEET OR BODILY FORCE)",452095
VERBAL THREAT,478986
"STRONG-ARM (HANDS, FIST, FEET OR BODILY FORCE)",517181
FOLDING KNIFE,485554
KNIFE WITH BLADE 6INCHES OR LESS,211709
UNKNOWN WEAPON/OTHER WEAPON,16544
"STRONG-ARM (HANDS, FIST, FEET OR BODILY FORCE)",979710
OTHER KNIFE,82476
"STRONG-ARM (HANDS, FIST, FEET OR BODILY FORCE)",882352
"STRONG-ARM (HANDS, FIST, FEET OR BODILY FORCE)",616465
"STRONG-ARM (HANDS, FIST, FEET OR BODILY FORCE)",182227
"STRONG-ARM (HANDS, FIST, FEET OR BODILY FORCE)",81487
"STRONG-ARM (HANDS, FIST, FEET OR BODILY FORCE)",216005
HAMMER,703005
"STRONG-ARM (HANDS, FIST, FEET OR BODILY FORCE)",656572
"STRONG-ARM (HANDS, FIST, FEET OR BODILY FORCE)",467986
"STRONG-ARM (HANDS, FIST, FEET OR BODILY FORCE)",922976
"STRONG-ARM (HANDS, FIST, FEET OR BODILY FORCE)",140220
"STRONG-ARM (HANDS, FIST, FEET OR BODILY FORCE)",153579
BELT FLAILING INSTRUMENT/CHAIN,973076
"STRONG-ARM (HANDS, FIST, FEET OR BODILY FORCE)",21427
"STRONG-ARM (HANDS, FIST, FEET OR BODILY FORCE)",428478
"STRONG-ARM (HANDS, FIST, FEET OR BODILY FORCE)",89209
PIPE/METAL PIPE,170250
VERBAL THREAT,83211
HAND GUN,63477
"STRONG-ARM (HANDS, FIST, FEET OR BODILY FORCE)",502365
"STRONG-ARM (HANDS, FIST, FEET OR BODILY FORCE)",963518
VERBAL THREAT,973065
"STRONG-ARM (HANDS, FIST, FEET OR BODILY FORCE)",505476
"STRONG-ARM (HANDS, FIST, FEET OR BODILY FORCE)",187299
VERBAL THREAT,388262
"STRONG-ARM (HANDS, FIST, FEET OR BODILY FORCE)",373396
"STRONG-ARM (HANDS, FIST, FEET OR BODILY FORCE)",293306
"STRONG-ARM (HANDS, FIST, FEET OR BODILY FORCE)",351640
UNKNOWN WEAPON/OTHER WEAPON,950231
"STRONG-ARM (HANDS, FIST, FEET OR BODILY FORCE)",139038
VERBAL THREAT,771670
VERBAL THREAT,586103
OTHER FIREARM,927641
"STRONG-ARM (HANDS, FIST, FEET OR BODILY FORCE)",188843
"STRONG-ARM (HANDS, FIST, FEET OR BODILY FORCE)",678745
UNKNOWN WEAPON/OTHER WEAPON,51209
HAND GUN,135688
OTHER KNIFE,454023
SWITCH BLADE,197333
"STRONG-ARM (HANDS, FIST, FEET OR BODILY FORCE)",444824
"STRONG-ARM (HANDS, FIST, FEET OR BODILY FORCE)",971914
UNKNOWN WEAPON/OTHER WEAPON,464634
VERBAL THREAT,624455
FOLDING KNIFE,803439
UNKNOWN FIREARM,622210
GLASS,354032
OTHER KNIFE,811945
"STRONG-ARM (HANDS, FIST, FEET OR BODILY FORCE)",650423
"STRONG-ARM (HANDS, FIST, FEET OR BODILY FORCE)",71551
"STRONG-ARM (HANDS, FIST, FEET OR BODILY FORCE)",100183
UNKNOWN WEAPON/OTHER WEAPON,437614
VERBAL THREAT,206581
PIPE/METAL PIPE,485138
SCREWDRIVER,704221
UNKNOWN WEAPON/OTHER WEAPON,465234
VERBAL THREAT,816537
"STRONG-ARM (HANDS, FIST, FEET OR BODILY FORCE)",494453
SEMI-AUTOMATIC PISTOL,721188
"STRONG-ARM (HANDS, FIST, FEET OR BODILY FORCE)",648028
"STRONG-ARM (HANDS, FIST, FEET OR BODILY FORCE)",549980
UNKNOWN WEAPON/OTHER WEAPON,145845
HAND GUN,710830
"STRONG-ARM (HANDS, FIST, FEET OR BODILY FORCE)",897781
"STRONG-ARM (HANDS, FIST, FEET OR BODILY FORCE)",878733
"STRONG-ARM (HANDS, FIST, FEET OR BODILY FORCE)",237791
UNKNOWN FIREARM,850574
"STRONG-ARM (HANDS, FIST, FEET OR BODILY FORCE)",629549
HAND GUN,551054
HAND GUN,377215
HAND GUN,600444
VERBAL THREAT,937070
UNKNOWN WEAPON/OTHER WEAPON,576256
"STRONG-ARM (HANDS, FIST, FEET OR BODILY FORCE)",451777
"STRONG-ARM (HANDS, FIST, FEET OR BODILY FORCE)",764707
ROCK/THROWN OBJECT,610915
"STRONG-ARM (HANDS, FIST, FEET OR BODILY FORCE)",641531
"STRONG-ARM (HANDS, FIST, FEET OR BODILY FORCE)",980498
HAND GUN,283768
UNKNOWN WEAPON/OTHER WEAPON,520439
"STRONG-ARM (HANDS, FIST, FEET OR BODILY FORCE)",775177
OTHER KNIFE,659336
KNIFE WITH BLADE 6INCHES OR LESS,661736
SEMI-AUTOMATIC PISTOL,265597
UNKNOWN WEAPON/OTHER WEAPON,185524
"STRONG-ARM (HANDS, FIST, FEET OR BODILY FORCE)",838252
UNKNOWN WEAPON/OTHER WEAPON,254046
"STRONG-ARM (HANDS, FIST, FEET OR BODILY FORCE)",254178
UNKNOWN WEAPON/OTHER WEAPON,214914
SEMI-AUTOMATIC PISTOL,539740
KNIFE WITH BLADE 6INCHES OR LESS,785595
SWITCH BLADE,872698
SWITCH BLADE,949154
"STRONG-ARM (HANDS, FIST, FEET OR BODILY FORCE)",245854
"STRONG-ARM (HANDS, FIST, FEET OR BODILY FORCE)",665621
"STRONG-ARM (HANDS, FIST, FEET OR BODILY FORCE)",624868
"STRONG-ARM (HANDS, FIST, FEET OR BODILY FORCE)",47161
"STRONG-ARM (HANDS, FIST, FEET OR BODILY FORCE)",941103
"STRONG-ARM (HANDS, FIST, FEET OR BODILY FORCE)",358500
UNKNOWN WEAPON/OTHER WEAPON,809150
"STRONG-ARM (HANDS, FIST, FEET OR BODILY FORCE)",350716
KNIFE WITH BLADE 6INCHES OR LESS,971547
UNKNOWN WEAPON/OTHER WEAPON,399138
DOG/ANIMAL (SIC ANIMAL ON),562772
VERBAL THREAT,691286
"STRONG-ARM (HANDS, FIST, FEET OR BODILY FORCE)",356800
"STRONG-ARM (HANDS, FIST, FEET OR BODILY FORCE)",526466
"STRONG-ARM (HANDS, FIST, FEET OR BODILY FORCE)",255632
STICK,488716
OTHER KNIFE,978848
"STRONG-ARM (HANDS, FIST, FEET OR BODILY FORCE)",773090
"STRONG-ARM (HANDS, FIST, FEET OR BODILY FORCE)",831768
"STRONG-ARM (HANDS, FIST, FEET OR BODILY FORCE)",6350
"STRONG-ARM (HANDS, FIST, FEET OR BODILY FORCE)",906534
VERBAL THREAT,969204
"STRONG-ARM (HANDS, FIST, FEET OR BODILY FORCE)",880365
"STRONG-ARM (HANDS, FIST, FEET OR BODILY FORCE)",54984
OTHER KNIFE,791840
VERBAL THREAT,451272
"STRONG-ARM (HANDS, FIST, FEET OR BODILY FORCE)",288750
"STRONG-ARM (HANDS, FIST, FEET OR BODILY FORCE)",510109
VERBAL THREAT,98195
"STRONG-ARM (HANDS, FIST, FEET OR BODILY FORCE)",874618
"STRONG-ARM (HANDS, FIST, FEET OR BODILY FORCE)",969635
RIFLE,33404
"STRONG-ARM (HANDS, FIST, FEET OR BODILY FORCE)",598564
"STRONG-ARM (HANDS, FIST, FEET OR BODILY FORCE)",855202
"STRONG-ARM (HANDS, FIST, FEET OR BODILY FORCE)",355680
"STRONG-ARM (HANDS, FIST, FEET OR BODILY FORCE)",575024
VERBAL THREAT,247684
UNKNOWN WEAPON/OTHER WEAPON,894143
UNKNOWN WEAPON/OTHER WEAPON,573531
"STRONG-ARM (HANDS, FIST, FEET OR BODILY FORCE)",552047
"STRONG-ARM (HANDS, FIST, FEET OR BODILY FORCE)",149072
"STRONG-ARM (HANDS, FIST, FEET OR BODILY FORCE)",857151
"STRONG-ARM (HANDS, FIST, FEET OR BODILY FORCE)",824221
"STRONG-ARM (HANDS, FIST, FEET OR BODILY FORCE)",531664
VERBAL THREAT,111945
"STRONG-ARM (HANDS, FIST, FEET OR BODILY FORCE)",773038
"STRONG-ARM (HANDS, FIST, FEET OR BODILY FORCE)",970321
UNKNOWN WEAPON/OTHER WEAPON,408931
"STRONG-ARM (HANDS, FIST, FEET OR BODILY FORCE)",326337
"STRONG-ARM (HANDS, FIST, FEET OR BODILY FORCE)",388074
"STRONG-ARM (HANDS, FIST, FEET OR BODILY FORCE)",161535
"STRONG-ARM (HANDS, FIST, FEET OR BODILY FORCE)",120877
HAND GUN,430881
UNKNOWN WEAPON/OTHER WEAPON,446232
"STRONG-ARM (HANDS, FIST, FEET OR BODILY FORCE)",204041
KNIFE WITH BLADE OVER 6 INCHES IN LENGTH,400022
"STRONG-ARM (HANDS, FIST, FEET OR BODILY FORCE)",365467
"STRONG-ARM (HANDS, FIST, FEET OR BODILY FORCE)",610444
HAND GUN,973724
"STRONG-ARM (HANDS, FIST, FEET OR BODILY FORCE)",333773
HAND GUN,764624
VERBAL THREAT,214347
"STRONG-ARM (HANDS, FIST, FEET OR BODILY FORCE)",109872
UNKNOWN WEAPON/OTHER WEAPON,744987
"STRONG-ARM (HANDS, FIST, FEET OR BODILY FORCE)",612808
"STRONG-ARM (HANDS, FIST, FEET OR BODILY FORCE)",925802
"STRONG-ARM (HANDS, FIST, FEET OR BODILY FORCE)",11697
UNKNOWN WEAPON/OTHER WEAPON,196152
"STRONG-ARM (HANDS, FIST, FEET OR BODILY FORCE)",119501
ROCK/THROWN OBJECT,955112
STICK,273223
"STRONG-ARM (HANDS, FIST, FEET OR BODILY FORCE)",55341
"STRONG-ARM (HANDS, FIST, FEET OR BODILY FORCE)",587871
"STRONG-ARM (HANDS, FIST, FEET OR BODILY FORCE)",974020
"STRONG-ARM (HANDS, FIST, FEET OR BODILY FORCE)",736710
HAND GUN,28761
"STRONG-ARM (HANDS, FIST, FEET OR BODILY FORCE)",119745
HAND GUN,264668
"STRONG-ARM (HANDS, FIST, FEET OR BODILY FORCE)",82060
VERBAL THREAT,28675
UNKNOWN WEAPON/OTHER WEAPON,333915
KNIFE WITH BLADE 6INCHES OR LESS,974513
"STRONG-ARM (HANDS, FIST, FEET OR BODILY FORCE)",504657
VERBAL THREAT,951517
"STRONG-ARM (HANDS, FIST, FEET OR BODILY FORCE)",670400
OTHER KNIFE,69617
UNKNOWN WEAPON/OTHER WEAPON,724661
PHYSICAL PRESENCE,525200
"STRONG-ARM (HANDS, FIST, FEET OR BODILY FORCE)",516193
UNKNOWN WEAPON/OTHER WEAPON,782050
"STRONG-ARM (HANDS, FIST, FEET OR BODILY FORCE)",524676
"STRONG-ARM (HANDS, FIST, FEET OR BODILY FORCE)",515764
"STRONG-ARM (HANDS, FIST, FEET OR BODILY FORCE)",668564
VERBAL THREAT,566584
"STRONG-ARM (HANDS, FIST, FEET OR BODILY FORCE)",204225
"STRONG-ARM (HANDS, FIST, FEET OR BODILY FORCE)",103664
"STRONG-ARM (HANDS, FIST, FEET OR BODILY FORCE)",968684
HAND GUN,460273
"STRONG-ARM (HANDS, FIST, FEET OR BODILY FORCE)",89140
VERBAL THREAT,866533
"STRONG-ARM (HANDS, FIST, FEET OR BODILY FORCE)",714919
"STRONG-ARM (HANDS, FIST, FEET OR BODILY FORCE)",276332
"STRONG-ARM (HANDS, FIST, FEET OR BODILY FORCE)",483947
FOLDING KNIFE,534790
UNKNOWN WEAPON/OTHER WEAPON,927733
UNKNOWN WEAPON/OTHER WEAPON,595385
"STRONG-ARM (HANDS, FIST, FEET OR BODILY FORCE)",451246
VERBAL THREAT,698163
PIPE/METAL PIPE,809603
"STRONG-ARM (HANDS, FIST, FEET OR BODILY FORCE)",199203
UNKNOWN WEAPON/OTHER WEAPON,968080
"STRONG-ARM (HANDS, FIST, FEET OR BODILY FORCE)",963342
HAND GUN,324587
"STRONG-ARM (HANDS, FIST, FEET OR BODILY FORCE)",173936
HAND GUN,393127
HAND GUN,637822
VERBAL THREAT,220939
"STRONG-ARM (HANDS, FIST, FEET OR BODILY FORCE)",363991
"STRONG-ARM (HANDS, FIST, FEET OR BODILY FORCE)",872590
"STRONG-ARM (HANDS, FIST, FEET OR BODILY FORCE)",470602
UNKNOWN WEAPON/OTHER WEAPON,976939
"STRONG-ARM (HANDS, FIST, FEET OR BODILY FORCE)",650183
"STRONG-ARM (HANDS, FIST, FEET OR BODILY FORCE)",972006
"STRONG-ARM (HANDS, FIST, FEET OR BODILY FORCE)",52222
"STRONG-ARM (HANDS, FIST, FEET OR BODILY FORCE)",723854
UNKNOWN WEAPON/OTHER WEAPON,389467
PIPE/METAL PIPE,573401
OTHER KNIFE,345764
"STRONG-ARM (HANDS, FIST, FEET OR BODILY FORCE)",541940
VERBAL THREAT,220401
"STRONG-ARM (HANDS, FIST, FEET OR BODILY FORCE)",155125
UNKNOWN WEAPON/OTHER WEAPON,273684
UNKNOWN WEAPON/OTHER WEAPON,558593
OTHER KNIFE,965683
VERBAL THREAT,85448
"STRONG-ARM (HANDS, FIST, FEET OR BODILY FORCE)",606142
BELT FLAILING INSTRUMENT/CHAIN,828639
"STRONG-ARM (HANDS, FIST, FEET OR BODILY FORCE)",980087
UNKNOWN WEAPON/OTHER WEAPON,950380
HAND GUN,428655
"STRONG-ARM (HANDS, FIST, FEET OR BODILY FORCE)",218099
STICK,933185
"STRONG-ARM (HANDS, FIST, FEET OR BODILY FORCE)",145599
FOLDING KNIFE,409913
HAND GUN,529735
"STRONG-ARM (HANDS, FIST, FEET OR BODILY FORCE)",391154
"STRONG-ARM (HANDS, FIST, FEET OR BODILY FORCE)",214458
STICK,737656
"STRONG-ARM (HANDS, FIST, FEET OR BODILY FORCE)",652982
"STRONG-ARM (HANDS, FIST, FEET OR BODILY FORCE)",658978
KNIFE WITH BLADE 6INCHES OR LESS,301594
"STRONG-ARM (HANDS, FIST, FEET OR BODILY FORCE)",544960
"STRONG-ARM (HANDS, FIST, FEET OR BODILY FORCE)",368919
HAND GUN,282497
UNKNOWN WEAPON/OTHER WEAPON,447706
"STRONG-ARM (HANDS, FIST, FEET OR BODILY FORCE)",455680
VERBAL THREAT,642195
VERBAL THREAT,583790
"STRONG-ARM (HANDS, FIST, FEET OR BODILY FORCE)",191559
"STRONG-ARM (HANDS, FIST, FEET OR BODILY FORCE)",749688
"STRONG-ARM (HANDS, FIST, FEET OR BODILY FORCE)",781792
UNKNOWN WEAPON/OTHER WEAPON,735653
UNKNOWN WEAPON/OTHER WEAPON,894427
UNKNOWN FIREARM,301958
MACE/PEPPER SPRAY,967204
"STRONG-ARM (HANDS, FIST, FEET OR BODILY FORCE)",500781
"STRONG-ARM (HANDS, FIST, FEET OR BODILY FORCE)",691467
"STRONG-ARM (HANDS, FIST, FEET OR BODILY FORCE)",515601
UNKNOWN FIREARM,208373
HAND GUN,731212
VERBAL THREAT,978750
UNKNOWN WEAPON/OTHER WEAPON,183867
HAND GUN,112055
"STRONG-ARM (HANDS, FIST, FEET OR BODILY FORCE)",973625
"STRONG-ARM (HANDS, FIST, FEET OR BODILY FORCE)",566814
"STRONG-ARM (HANDS, FIST, FEET OR BODILY FORCE)",531551
SIMULATED GUN,952771
KITCHEN KNIFE,418720
VERBAL THREAT,337127
"STRONG-ARM (HANDS, FIST, FEET OR BODILY FORCE)",964306
"STRONG-ARM (HANDS, FIST, FEET OR BODILY FORCE)",940654
UNKNOWN FIREARM,626469
SCREWDRIVER,607477
VERBAL THREAT,22876
"STRONG-ARM (HANDS, FIST, FEET OR BODILY FORCE)",133037
"STRONG-ARM (HANDS, FIST, FEET OR BODILY FORCE)",719043
AIR PISTOL/REVOLVER/RIFLE/BB GUN,314742
HAND GUN,219665
PIPE/METAL PIPE,532058
"STRONG-ARM (HANDS, FIST, FEET OR BODILY FORCE)",581628
"STRONG-ARM (HANDS, FIST, FEET OR BODILY FORCE)",644069
"STRONG-ARM (HANDS, FIST, FEET OR BODILY FORCE)",39708
HAND GUN,281362
"STRONG-ARM (HANDS, FIST, FEET OR BODILY FORCE)",365686
"STRONG-ARM (HANDS, FIST, FEET OR BODILY FORCE)",706813
"STRONG-ARM (HANDS, FIST, FEET OR BODILY FORCE)",250104
STICK,290799
SEMI-AUTOMATIC PISTOL,747986
UNKNOWN FIREARM,971238
TOY GUN,12915
HAND GUN,965339
"STRONG-ARM (HANDS, FIST, FEET OR BODILY FORCE)",682898
"STRONG-ARM (HANDS, FIST, FEET OR BODILY FORCE)",966353
"STRONG-ARM (HANDS, FIST, FEET OR BODILY FORCE)",15787
UNKNOWN WEAPON/OTHER WEAPON,577886
UNKNOWN WEAPON/OTHER WEAPON,489103
VERBAL THREAT,680886
HAND GUN,95664
"STRONG-ARM (HANDS, FIST, FEET OR BODILY FORCE)",2780
KNIFE WITH BLADE 6INCHES OR LESS,219394
"STRONG-ARM (HANDS, FIST, FEET OR BODILY FORCE)",757068
"STRONG-ARM (HANDS, FIST, FEET OR BODILY FORCE)",122434
"STRONG-ARM (HANDS, FIST, FEET OR BODILY FORCE)",122126
"STRONG-ARM (HANDS, FIST, FEET OR BODILY FORCE)",240490
FIRE,316208
UNKNOWN WEAPON/OTHER WEAPON,37435
"STRONG-ARM (HANDS, FIST, FEET OR BODILY FORCE)",406628
"STRONG-ARM (HANDS, FIST, FEET OR BODILY FORCE)",971611
"STRONG-ARM (HANDS, FIST, FEET OR BODILY FORCE)",408020
"STRONG-ARM (HANDS, FIST, FEET OR BODILY FORCE)",97323
"STRONG-ARM (HANDS, FIST, FEET OR BODILY FORCE)",965467
"STRONG-ARM (HANDS, FIST, FEET OR BODILY FORCE)",709495
"STRONG-ARM (HANDS, FIST, FEET OR BODILY FORCE)",517748
"STRONG-ARM (HANDS, FIST, FEET OR BODILY FORCE)",280828
VERBAL THREAT,308481
"STRONG-ARM (HANDS, FIST, FEET OR BODILY FORCE)",502536
HAMMER,518155
AXE,151730
UNKNOWN WEAPON/OTHER WEAPON,187116
UNKNOWN WEAPON/OTHER WEAPON,28388
"STRONG-ARM (HANDS, FIST, FEET OR BODILY FORCE)",875868
KNIFE WITH BLADE 6INCHES OR LESS,218544
"STRONG-ARM (HANDS, FIST, FEET OR BODILY FORCE)",784948
UNKNOWN WEAPON/OTHER WEAPON,150077
"STRONG-ARM (HANDS, FIST, FEET OR BODILY FORCE)",719277
VERBAL THREAT,639022
"STRONG-ARM (HANDS, FIST, FEET OR BODILY FORCE)",977471
CAUSTIC CHEMICAL/POISON,205930
UNKNOWN WEAPON/OTHER WEAPON,647022
"STRONG-ARM (HANDS, FIST, FEET OR BODILY FORCE)",70321
"STRONG-ARM (HANDS, FIST, FEET OR BODILY FORCE)",400589
"STRONG-ARM (HANDS, FIST, FEET OR BODILY FORCE)",530118
"STRONG-ARM (HANDS, FIST, FEET OR BODILY FORCE)",942201
"STRONG-ARM (HANDS, FIST, FEET OR BODILY FORCE)",975984
KNIFE WITH BLADE 6INCHES OR LESS,784997
OTHER KNIFE,230029
"STRONG-ARM (HANDS, FIST, FEET OR BODILY FORCE)",245739
OTHER FIREARM,970758
"STRONG-ARM (HANDS, FIST, FEET OR BODILY FORCE)",42538
"STRONG-ARM (HANDS, FIST, FEET OR BODILY FORCE)",377136
UNKNOWN WEAPON/OTHER WEAPON,329472
"STRONG-ARM (HANDS, FIST, FEET OR BODILY FORCE)",378881
KNIFE WITH BLADE 6INCHES OR LESS,809155
"STRONG-ARM (HANDS, FIST, FEET OR BODILY FORCE)",189349
"STRONG-ARM (HANDS, FIST, FEET OR BODILY FORCE)",153692
"STRONG-ARM (HANDS, FIST, FEET OR BODILY FORCE)",404730
AIR PISTOL/REVOLVER/RIFLE/BB GUN,407186
KITCHEN KNIFE,979142
"STRONG-ARM (HANDS, FIST, FEET OR BODILY FORCE)",688710
"STRONG-ARM (HANDS, FIST, FEET OR BODILY FORCE)",184421
"STRONG-ARM (HANDS, FIST, FEET OR BODILY FORCE)",656192
VEHICLE,921202
"STRONG-ARM (HANDS, FIST, FEET OR BODILY FORCE)",600422
MACE/PEPPER SPRAY,361113
"STRONG-ARM (HANDS, FIST, FEET OR BODILY FORCE)",856844
FOLDING KNIFE,546432
"STRONG-ARM (HANDS, FIST, FEET OR BODILY FORCE)",519837
OTHER KNIFE,340018
FIRE,836804
BOTTLE,55400
UNKNOWN FIREARM,615665
STICK,729325
"STRONG-ARM (HANDS, FIST, FEET OR BODILY FORCE)",352930
"STRONG-ARM (HANDS, FIST, FEET OR BODILY FORCE)",282258
"STRONG-ARM (HANDS, FIST, FEET OR BODILY FORCE)",977881
"STRONG-ARM (HANDS, FIST, FEET OR BODILY FORCE)",815842
OTHER CUTTING INSTRUMENT,365373
"STRONG-ARM (HANDS, FIST, FEET OR BODILY FORCE)",971598
"STRONG-ARM (HANDS, FIST, FEET OR BODILY FORCE)",166657
UNKNOWN WEAPON/OTHER WEAPON,959345
HAND GUN,968270
"STRONG-ARM (HANDS, FIST, FEET OR BODILY FORCE)",124825
HAND GUN,835163
"STRONG-ARM (HANDS, FIST, FEET OR BODILY FORCE)",893395
"STRONG-ARM (HANDS, FIST, FEET OR BODILY FORCE)",376765
"STRONG-ARM (HANDS, FIST, FEET OR BODILY FORCE)",625079
HAND GUN,340855
"STRONG-ARM (HANDS, FIST, FEET OR BODILY FORCE)",323904
"STRONG-ARM (HANDS, FIST, FEET OR BODILY FORCE)",436465
SEMI-AUTOMATIC PISTOL,222518
UNKNOWN FIREARM,510698
OTHER KNIFE,285433
SIMULATED GUN,75041
"STRONG-ARM (HANDS, FIST, FEET OR BODILY FORCE)",974807
SEMI-AUTOMATIC PISTOL,843269
FIRE,197860
KNIFE WITH BLADE OVER 6 INCHES IN LENGTH,532131
"STRONG-ARM (HANDS, FIST, FEET OR BODILY FORCE)",494482
UNKNOWN WEAPON/OTHER WEAPON,234663
"STRONG-ARM (HANDS, FIST, FEET OR BODILY FORCE)",964227
"STRONG-ARM (HANDS, FIST, FEET OR BODILY FORCE)",710617
UNKNOWN WEAPON/OTHER WEAPON,275854
HAND GUN,351342
"STRONG-ARM (HANDS, FIST, FEET OR BODILY FORCE)",190427
HAND GUN,978394
UNKNOWN WEAPON/OTHER WEAPON,969400
"STRONG-ARM (HANDS, FIST, FEET OR BODILY FORCE)",499442
"STRONG-ARM (HANDS, FIST, FEET OR BODILY FORCE)",812492
SEMI-AUTOMATIC PISTOL,816330
"STRONG-ARM (HANDS, FIST, FEET OR BODILY FORCE)",537618
BOWIE KNIFE,978342
"STRONG-ARM (HANDS, FIST, FEET OR BODILY FORCE)",321384
"STRONG-ARM (HANDS, FIST, FEET OR BODILY FORCE)",970947
UNKNOWN WEAPON/OTHER WEAPON,166566
AIR PISTOL/REVOLVER/RIFLE/BB GUN,352934
"STRONG-ARM (HANDS, FIST, FEET OR BODILY FORCE)",909813
"STRONG-ARM (HANDS, FIST, FEET OR BODILY FORCE)",500023
"STRONG-ARM (HANDS, FIST, FEET OR BODILY FORCE)",976835
KNIFE WITH BLADE 6INCHES OR LESS,352368
HAND GUN,699217
"STRONG-ARM (HANDS, FIST, FEET OR BODILY FORCE)",970717
SIMULATED GUN,776228
"STRONG-ARM (HANDS, FIST, FEET OR BODILY FORCE)",979136
UNKNOWN WEAPON/OTHER WEAPON,700161
"STRONG-ARM (HANDS, FIST, FEET OR BODILY FORCE)",261024
"STRONG-ARM (HANDS, FIST, FEET OR BODILY FORCE)",968377
"STRONG-ARM (HANDS, FIST, FEET OR BODILY FORCE)",114152
UNKNOWN WEAPON/OTHER WEAPON,181615
UNKNOWN WEAPON/OTHER WEAPON,390077
PIPE/METAL PIPE,227428
UNKNOWN WEAPON/OTHER WEAPON,826607
"STRONG-ARM (HANDS, FIST, FEET OR BODILY FORCE)",874410
"STRONG-ARM (HANDS, FIST, FEET OR BODILY FORCE)",288479
"STRONG-ARM (HANDS, FIST, FEET OR BODILY FORCE)",447176
"STRONG-ARM (HANDS, FIST, FEET OR BODILY FORCE)",546872
HAND GUN,971583
VERBAL THREAT,194903
"STRONG-ARM (HANDS, FIST, FEET OR BODILY FORCE)",707345
"STRONG-ARM (HANDS, FIST, FEET OR BODILY FORCE)",970251
UNKNOWN WEAPON/OTHER WEAPON,971788
"STRONG-ARM (HANDS, FIST, FEET OR BODILY FORCE)",327284
VERBAL THREAT,572922
"STRONG-ARM (HANDS, FIST, FEET OR BODILY FORCE)",301949
SEMI-AUTOMATIC PISTOL,697306
VERBAL THREAT,570423
"STRONG-ARM (HANDS, FIST, FEET OR BODILY FORCE)",299150
"STRONG-ARM (HANDS, FIST, FEET OR BODILY FORCE)",546754
"STRONG-ARM (HANDS, FIST, FEET OR BODILY FORCE)",456854
HAND GUN,798200
"STRONG-ARM (HANDS, FIST, FEET OR BODILY FORCE)",280135
"STRONG-ARM (HANDS, FIST, FEET OR BODILY FORCE)",325040
PIPE/METAL PIPE,548141
"STRONG-ARM (HANDS, FIST, FEET OR BODILY FORCE)",968921
"STRONG-ARM (HANDS, FIST, FEET OR BODILY FORCE)",362327
VERBAL THREAT,298818
"STRONG-ARM (HANDS, FIST, FEET OR BODILY FORCE)",410608
"STRONG-ARM (HANDS, FIST, FEET OR BODILY FORCE)",932101
"STRONG-ARM (HANDS, FIST, FEET OR BODILY FORCE)",97138
VERBAL THREAT,942973
"STRONG-ARM (HANDS, FIST, FEET OR BODILY FORCE)",532399
"STRONG-ARM (HANDS, FIST, FEET OR BODILY FORCE)",94745
"STRONG-ARM (HANDS, FIST, FEET OR BODILY FORCE)",283790
KNIFE WITH BLADE 6INCHES OR LESS,250727
"STRONG-ARM (HANDS, FIST, FEET OR BODILY FORCE)",143061
"STRONG-ARM (HANDS, FIST, FEET OR BODILY FORCE)",702129
"STRONG-ARM (HANDS, FIST, FEET OR BODILY FORCE)",619930
FOLDING KNIFE,967319
"STRONG-ARM (HANDS, FIST, FEET OR BODILY FORCE)",41521
"STRONG-ARM (HANDS, FIST, FEET OR BODILY FORCE)",181309
"STRONG-ARM (HANDS, FIST, FEET OR BODILY FORCE)",239713
"STRONG-ARM (HANDS, FIST, FEET OR BODILY FORCE)",1689
"STRONG-ARM (HANDS, FIST, FEET OR BODILY FORCE)",186778
"STRONG-ARM (HANDS, FIST, FEET OR BODILY FORCE)",389215
"STRONG-ARM (HANDS, FIST, FEET OR BODILY FORCE)",270082
"STRONG-ARM (HANDS, FIST, FEET OR BODILY FORCE)",978421
UNKNOWN FIREARM,624965
SEMI-AUTOMATIC PISTOL,918312
CLUB/BAT,717346
VEHICLE,778083
UNKNOWN WEAPON/OTHER WEAPON,148148
"STRONG-ARM (HANDS, FIST, FEET OR BODILY FORCE)",963773
"STRONG-ARM (HANDS, FIST, FEET OR BODILY FORCE)",152191
"STRONG-ARM (HANDS, FIST, FEET OR BODILY FORCE)",69885
UNKNOWN WEAPON/OTHER WEAPON,615316
HAND GUN,403788
"STRONG-ARM (HANDS, FIST, FEET OR BODILY FORCE)",399333
UNKNOWN WEAPON/OTHER WEAPON,637936
HAMMER,149740
"STRONG-ARM (HANDS, FIST, FEET OR BODILY FORCE)",975083
"STRONG-ARM (HANDS, FIST, FEET OR BODILY FORCE)",119018
KNIFE WITH BLADE OVER 6 INCHES IN LENGTH,781810
VERBAL THREAT,631434
UNKNOWN WEAPON/OTHER WEAPON,298145
HAND GUN,501881
"STRONG-ARM (HANDS, FIST, FEET OR BODILY FORCE)",305670
SEMI-AUTOMATIC PISTOL,979951
"STRONG-ARM (HANDS, FIST, FEET OR BODILY FORCE)",781092
UNKNOWN WEAPON/OTHER WEAPON,259446
SCISSORS,630436
"STRONG-ARM (HANDS, FIST, FEET OR BODILY FORCE)",45456
"STRONG-ARM (HANDS, FIST, FEET OR BODILY FORCE)",841402
UNKNOWN WEAPON/OTHER WEAPON,978488
STICK,436825
HAND GUN,524235
MACE/PEPPER SPRAY,969614
HAND GUN,621064
HAND GUN,965163
"STRONG-ARM (HANDS, FIST, FEET OR BODILY FORCE)",963700
OTHER KNIFE,245284
"STRONG-ARM (HANDS, FIST, FEET OR BODILY FORCE)",19610
"STRONG-ARM (HANDS, FIST, FEET OR BODILY FORCE)",264074
"STRONG-ARM (HANDS, FIST, FEET OR BODILY FORCE)",414112
"STRONG-ARM (HANDS, FIST, FEET OR BODILY FORCE)",955354
"STRONG-ARM (HANDS, FIST, FEET OR BODILY FORCE)",201036
HAND GUN,496274
"STRONG-ARM (HANDS, FIST, FEET OR BODILY FORCE)",943990
OTHER KNIFE,698414
"STRONG-ARM (HANDS, FIST, FEET OR BODILY FORCE)",627224
"STRONG-ARM (HANDS, FIST, FEET OR BODILY FORCE)",220504
HAND GUN,724732
"STRONG-ARM (HANDS, FIST, FEET OR BODILY FORCE)",282014
"STRONG-ARM (HANDS, FIST, FEET OR BODILY FORCE)",409336
"STRONG-ARM (HANDS, FIST, FEET OR BODILY FORCE)",111524
KNIFE WITH BLADE 6INCHES OR LESS,384416
KNIFE WITH BLADE 6INCHES OR LESS,788122
"STRONG-ARM (HANDS, FIST, FEET OR BODILY FORCE)",366384
OTHER KNIFE,561038
VEHICLE,909729
"STRONG-ARM (HANDS, FIST, FEET OR BODILY FORCE)",646856
KNIFE WITH BLADE 6INCHES OR LESS,160970
"STRONG-ARM (HANDS, FIST, FEET OR BODILY FORCE)",600974
"STRONG-ARM (HANDS, FIST, FEET OR BODILY FORCE)",395434
"STRONG-ARM (HANDS, FIST, FEET OR BODILY FORCE)",302288
"STRONG-ARM (HANDS, FIST, FEET OR BODILY FORCE)",348486
"STRONG-ARM (HANDS, FIST, FEET OR BODILY FORCE)",58175
VERBAL THREAT,937208
KNIFE WITH BLADE 6INCHES OR LESS,546480
"STRONG-ARM (HANDS, FIST, FEET OR BODILY FORCE)",860445
"STRONG-ARM (HANDS, FIST, FEET OR BODILY FORCE)",661348
"STRONG-ARM (HANDS, FIST, FEET OR BODILY FORCE)",767659
"STRONG-ARM (HANDS, FIST, FEET OR BODILY FORCE)",818661
"STRONG-ARM (HANDS, FIST, FEET OR BODILY FORCE)",81408
UNKNOWN WEAPON/OTHER WEAPON,930881
"STRONG-ARM (HANDS, FIST, FEET OR BODILY FORCE)",741924
BLUNT INSTRUMENT,43173
UNKNOWN WEAPON/OTHER WEAPON,894811
"STRONG-ARM (HANDS, FIST, FEET OR BODILY FORCE)",571603
"STRONG-ARM (HANDS, FIST, FEET OR BODILY FORCE)",979213
SEMI-AUTOMATIC PISTOL,968014
"STRONG-ARM (HANDS, FIST, FEET OR BODILY FORCE)",724439
VERBAL THREAT,71877
MACE/PEPPER SPRAY,59418
"STRONG-ARM (HANDS, FIST, FEET OR BODILY FORCE)",143826
"STRONG-ARM (HANDS, FIST, FEET OR BODILY FORCE)",187576
PIPE/METAL PIPE,155117
"STRONG-ARM (HANDS, FIST, FEET OR BODILY FORCE)",751523
VERBAL THREAT,719460
"STRONG-ARM (HANDS, FIST, FEET OR BODILY FORCE)",319124
"STRONG-ARM (HANDS, FIST, FEET OR BODILY FORCE)",524541
UNKNOWN WEAPON/OTHER WEAPON,653554
STUN GUN,634371
"STRONG-ARM (HANDS, FIST, FEET OR BODILY FORCE)",721718
"STRONG-ARM (HANDS, FIST, FEET OR BODILY FORCE)",111140
"STRONG-ARM (HANDS, FIST, FEET OR BODILY FORCE)",325984
VERBAL THREAT,965031
"STRONG-ARM (HANDS, FIST, FEET OR BODILY FORCE)",827244
"STRONG-ARM (HANDS, FIST, FEET OR BODILY FORCE)",333538
"STRONG-ARM (HANDS, FIST, FEET OR BODILY FORCE)",127005
UNKNOWN WEAPON/OTHER WEAPON,16685
"STRONG-ARM (HANDS, FIST, FEET OR BODILY FORCE)",806906
"STRONG-ARM (HANDS, FIST, FEET OR BODILY FORCE)",891966
VERBAL THREAT,973250
"STRONG-ARM (HANDS, FIST, FEET OR BODILY FORCE)",601389
"STRONG-ARM (HANDS, FIST, FEET OR BODILY FORCE)",541923
UNKNOWN WEAPON/OTHER WEAPON,162629
SEMI-AUTOMATIC PISTOL,178999
"STRONG-ARM (HANDS, FIST, FEET OR BODILY FORCE)",511071
CLUB/BAT,779361
UNKNOWN WEAPON/OTHER WEAPON,354666
"STRONG-ARM (HANDS, FIST, FEET OR BODILY FORCE)",82949
"STRONG-ARM (HANDS, FIST, FEET OR BODILY FORCE)",137397
UNKNOWN FIREARM,968182
VERBAL THREAT,977278
UNKNOWN WEAPON/OTHER WEAPON,189000
"STRONG-ARM (HANDS, FIST, FEET OR BODILY FORCE)",783387
"STRONG-ARM (HANDS, FIST, FEET OR BODILY FORCE)",978509
"STRONG-ARM (HANDS, FIST, FEET OR BODILY FORCE)",825719
"STRONG-ARM (HANDS, FIST, FEET OR BODILY FORCE)",758040
"STRONG-ARM (HANDS, FIST, FEET OR BODILY FORCE)",440986
CLUB/BAT,381436
"STRONG-ARM (HANDS, FIST, FEET OR BODILY FORCE)",441948
HAND GUN,66955
UNKNOWN WEAPON/OTHER WEAPON,968730
CLUB/BAT,372107
"STRONG-ARM (HANDS, FIST, FEET OR BODILY FORCE)",978681
SEMI-AUTOMATIC PISTOL,163399
UNKNOWN WEAPON/OTHER WEAPON,674095
"STRONG-ARM (HANDS, FIST, FEET OR BODILY FORCE)",251017
"STRONG-ARM (HANDS, FIST, FEET OR BODILY FORCE)",303926
"STRONG-ARM (HANDS, FIST, FEET OR BODILY FORCE)",964152
"STRONG-ARM (HANDS, FIST, FEET OR BODILY FORCE)",12259
"STRONG-ARM (HANDS, FIST, FEET OR BODILY FORCE)",678298
UNKNOWN FIREARM,112124
"STRONG-ARM (HANDS, FIST, FEET OR BODILY FORCE)",869387
"STRONG-ARM (HANDS, FIST, FEET OR BODILY FORCE)",723391
UNKNOWN WEAPON/OTHER WEAPON,367145
FOLDING KNIFE,799230
TIRE IRON,194375
"STRONG-ARM (HANDS, FIST, FEET OR BODILY FORCE)",387664
"STRONG-ARM (HANDS, FIST, FEET OR BODILY FORCE)",49778
"STRONG-ARM (HANDS, FIST, FEET OR BODILY FORCE)",796546
"STRONG-ARM (HANDS, FIST, FEET OR BODILY FORCE)",419720
"STRONG-ARM (HANDS, FIST, FEET OR BODILY FORCE)",40464
"STRONG-ARM (HANDS, FIST, FEET OR BODILY FORCE)",287378
"STRONG-ARM (HANDS, FIST, FEET OR BODILY FORCE)",707395
VERBAL THREAT,238510
"STRONG-ARM (HANDS, FIST, FEET OR BODILY FORCE)",131784
"STRONG-ARM (HANDS, FIST, FEET OR BODILY FORCE)",954070
"STRONG-ARM (HANDS, FIST, FEET OR BODILY FORCE)",680752
OTHER CUTTING INSTRUMENT,260393
KNIFE WITH BLADE 6INCHES OR LESS,25361
VERBAL THREAT,642936
"STRONG-ARM (HANDS, FIST, FEET OR BODILY FORCE)",516694
UNKNOWN WEAPON/OTHER WEAPON,8986
"STRONG-ARM (HANDS, FIST, FEET OR BODILY FORCE)",613732
STICK,237438
"STRONG-ARM (HANDS, FIST, FEET OR BODILY FORCE)",223409
"STRONG-ARM (HANDS, FIST, FEET OR BODILY FORCE)",502092
UNKNOWN FIREARM,138758
UNKNOWN FIREARM,965548
FOLDING KNIFE,100351
"STRONG-ARM (HANDS, FIST, FEET OR BODILY FORCE)",616291
UNKNOWN WEAPON/OTHER WEAPON,633751
"STRONG-ARM (HANDS, FIST, FEET OR BODILY FORCE)",923143
UNKNOWN WEAPON/OTHER WEAPON,367308
"STRONG-ARM (HANDS, FIST, FEET OR BODILY FORCE)",378358
"STRONG-ARM (HANDS, FIST, FEET OR BODILY FORCE)",969190
HAND GUN,976050
"STRONG-ARM (HANDS, FIST, FEET OR BODILY FORCE)",808139
"STRONG-ARM (HANDS, FIST, FEET OR BODILY FORCE)",744564
UNKNOWN FIREARM,970287
"STRONG-ARM (HANDS, FIST, FEET OR BODILY FORCE)",530129
MACE/PEPPER SPRAY,920499
"STRONG-ARM (HANDS, FIST, FEET OR BODILY FORCE)",793039
"STRONG-ARM (HANDS, FIST, FEET OR BODILY FORCE)",263118
OTHER KNIFE,746180
"STRONG-ARM (HANDS, FIST, FEET OR BODILY FORCE)",969805
UNKNOWN WEAPON/OTHER WEAPON,116038
"STRONG-ARM (HANDS, FIST, FEET OR BODILY FORCE)",102953
UNKNOWN WEAPON/OTHER WEAPON,750616
"STRONG-ARM (HANDS, FIST, FEET OR BODILY FORCE)",716908
PIPE/METAL PIPE,142647
"STRONG-ARM (HANDS, FIST, FEET OR BODILY FORCE)",530683
"STRONG-ARM (HANDS, FIST, FEET OR BODILY FORCE)",778940
HAMMER,812502
"STRONG-ARM (HANDS, FIST, FEET OR BODILY FORCE)",341675
SEMI-AUTOMATIC PISTOL,385074
"STRONG-ARM (HANDS, FIST, FEET OR BODILY FORCE)",175925
"STRONG-ARM (HANDS, FIST, FEET OR BODILY FORCE)",78093
STICK,761856
"STRONG-ARM (HANDS, FIST, FEET OR BODILY FORCE)",736404
"STRONG-ARM (HANDS, FIST, FEET OR BODILY FORCE)",712491
"STRONG-ARM (HANDS, FIST, FEET OR BODILY FORCE)",959844
STICK,813476
VERBAL THREAT,561115
"STRONG-ARM (HANDS, FIST, FEET OR BODILY FORCE)",835676
UNKNOWN WEAPON/OTHER WEAPON,299710
UNKNOWN WEAPON/OTHER WEAPON,426365
"STRONG-ARM (HANDS, FIST, FEET OR BODILY FORCE)",292697
HAND GUN,266661
"STRONG-ARM (HANDS, FIST, FEET OR BODILY FORCE)",104492
"STRONG-ARM (HANDS, FIST, FEET OR BODILY FORCE)",80022
VERBAL THREAT,763236
"STRONG-ARM (HANDS, FIST, FEET OR BODILY FORCE)",964664
SIMULATED GUN,366978
"STRONG-ARM (HANDS, FIST, FEET OR BODILY FORCE)",947782
"STRONG-ARM (HANDS, FIST, FEET OR BODILY FORCE)",201572
UNKNOWN WEAPON/OTHER WEAPON,405116
VERBAL THREAT,160370
"STRONG-ARM (HANDS, FIST, FEET OR BODILY FORCE)",360616
UNKNOWN WEAPON/OTHER WEAPON,187819
UNKNOWN FIREARM,789313
VERBAL THREAT,964520
"STRONG-ARM (HANDS, FIST, FEET OR BODILY FORCE)",389065
STICK,977296
UNKNOWN WEAPON/OTHER WEAPON,351509
"STRONG-ARM (HANDS, FIST, FEET OR BODILY FORCE)",883445
"STRONG-ARM (HANDS, FIST, FEET OR BODILY FORCE)",204390
VERBAL THREAT,12923
"STRONG-ARM (HANDS, FIST, FEET OR BODILY FORCE)",153726
"STRONG-ARM (HANDS, FIST, FEET OR BODILY FORCE)",776007
UNKNOWN WEAPON/OTHER WEAPON,828422
UNKNOWN WEAPON/OTHER WEAPON,436096
"STRONG-ARM (HANDS, FIST, FEET OR BODILY FORCE)",833321
HAND GUN,826605
"STRONG-ARM (HANDS, FIST, FEET OR BODILY FORCE)",216116
"STRONG-ARM (HANDS, FIST, FEET OR BODILY FORCE)",705255
"STRONG-ARM (HANDS, FIST, FEET OR BODILY FORCE)",199027
"STRONG-ARM (HANDS, FIST, FEET OR BODILY FORCE)",82307
ROCK/THROWN OBJECT,694711
VERBAL THREAT,38980
SEMI-AUTOMATIC PISTOL,163253
"STRONG-ARM (HANDS, FIST, FEET OR BODILY FORCE)",965295
"STRONG-ARM (HANDS, FIST, FEET OR BODILY FORCE)",464415
UNKNOWN WEAPON/OTHER WEAPON,273651
"STRONG-ARM (HANDS, FIST, FEET OR BODILY FORCE)",318709
BLUNT INSTRUMENT,226500
"STRONG-ARM (HANDS, FIST, FEET OR BODILY FORCE)",440468
UNKNOWN FIREARM,921862
"STRONG-ARM (HANDS, FIST, FEET OR BODILY FORCE)",759699
"STRONG-ARM (HANDS, FIST, FEET OR BODILY FORCE)",389239
"STRONG-ARM (HANDS, FIST, FEET OR BODILY FORCE)",630917
"STRONG-ARM (HANDS, FIST, FEET OR BODILY FORCE)",428379
"STRONG-ARM (HANDS, FIST, FEET OR BODILY FORCE)",653654
"STRONG-ARM (HANDS, FIST, FEET OR BODILY FORCE)",63494
"STRONG-ARM (HANDS, FIST, FEET OR BODILY FORCE)",156825
VERBAL THREAT,344863
RIFLE,971652
"STRONG-ARM (HANDS, FIST, FEET OR BODILY FORCE)",609735
ROCK/THROWN OBJECT,451601
KNIFE WITH BLADE 6INCHES OR LESS,115648
UNKNOWN WEAPON/OTHER WEAPON,313919
SEMI-AUTOMATIC PISTOL,169563
CAUSTIC CHEMICAL/POISON,960868
HAND GUN,304547
"STRONG-ARM (HANDS, FIST, FEET OR BODILY FORCE)",270533
KNIFE WITH BLADE 6INCHES OR LESS,17210
"STRONG-ARM (HANDS, FIST, FEET OR BODILY FORCE)",490952
ROCK/THROWN OBJECT,374533
UNKNOWN WEAPON/OTHER WEAPON,57793
"STRONG-ARM (HANDS, FIST, FEET OR BODILY FORCE)",594783
"STRONG-ARM (HANDS, FIST, FEET OR BODILY FORCE)",537681
KITCHEN KNIFE,686608
SEMI-AUTOMATIC PISTOL,180783
"STRONG-ARM (HANDS, FIST, FEET OR BODILY FORCE)",842023
"STRONG-ARM (HANDS, FIST, FEET OR BODILY FORCE)",973479
"STRONG-ARM (HANDS, FIST, FEET OR BODILY FORCE)",798716
"STRONG-ARM (HANDS, FIST, FEET OR BODILY FORCE)",397128
UNKNOWN WEAPON/OTHER WEAPON,874769
"STRONG-ARM (HANDS, FIST, FEET OR BODILY FORCE)",417754
"STRONG-ARM (HANDS, FIST, FEET OR BODILY FORCE)",251190
"STRONG-ARM (HANDS, FIST, FEET OR BODILY FORCE)",628954
"STRONG-ARM (HANDS, FIST, FEET OR BODILY FORCE)",849436
"STRONG-ARM (HANDS, FIST, FEET OR BODILY FORCE)",649733
"STRONG-ARM (HANDS, FIST, FEET OR BODILY FORCE)",7479
"STRONG-ARM (HANDS, FIST, FEET OR BODILY FORCE)",643333
"STRONG-ARM (HANDS, FIST, FEET OR BODILY FORCE)",712951
"STRONG-ARM (HANDS, FIST, FEET OR BODILY FORCE)",345193
"STRONG-ARM (HANDS, FIST, FEET OR BODILY FORCE)",33267
UNKNOWN WEAPON/OTHER WEAPON,854283
"STRONG-ARM (HANDS, FIST, FEET OR BODILY FORCE)",898282
"STRONG-ARM (HANDS, FIST, FEET OR BODILY FORCE)",221908
"STRONG-ARM (HANDS, FIST, FEET OR BODILY FORCE)",980529
"STRONG-ARM (HANDS, FIST, FEET OR BODILY FORCE)",790140
"STRONG-ARM (HANDS, FIST, FEET OR BODILY FORCE)",415381
UNKNOWN WEAPON/OTHER WEAPON,799572
"STRONG-ARM (HANDS, FIST, FEET OR BODILY FORCE)",573248
"STRONG-ARM (HANDS, FIST, FEET OR BODILY FORCE)",149035
BLUNT INSTRUMENT,719826
"STRONG-ARM (HANDS, FIST, FEET OR BODILY FORCE)",90190
BOTTLE,361599
"STRONG-ARM (HANDS, FIST, FEET OR BODILY FORCE)",454009
"STRONG-ARM (HANDS, FIST, FEET OR BODILY FORCE)",801131
"STRONG-ARM (HANDS, FIST, FEET OR BODILY FORCE)",629281
UNKNOWN WEAPON/OTHER WEAPON,949284
ROCK/THROWN OBJECT,808668
"STRONG-ARM (HANDS, FIST, FEET OR BODILY FORCE)",470807
"STRONG-ARM (HANDS, FIST, FEET OR BODILY FORCE)",703712
HAMMER,785045
UNKNOWN WEAPON/OTHER WEAPON,517480
UNKNOWN WEAPON/OTHER WEAPON,508918
VERBAL THREAT,762844
"STRONG-ARM (HANDS, FIST, FEET OR BODILY FORCE)",98061
VERBAL THREAT,784322
"STRONG-ARM (HANDS, FIST, FEET OR BODILY FORCE)",851550
"STRONG-ARM (HANDS, FIST, FEET OR BODILY FORCE)",20441
UNKNOWN WEAPON/OTHER WEAPON,560197
"STRONG-ARM (HANDS, FIST, FEET OR BODILY FORCE)",66143
"STRONG-ARM (HANDS, FIST, FEET OR BODILY FORCE)",941771
"STRONG-ARM (HANDS, FIST, FEET OR BODILY FORCE)",668247
"STRONG-ARM (HANDS, FIST, FEET OR BODILY FORCE)",398695
"STRONG-ARM (HANDS, FIST, FEET OR BODILY FORCE)",822528
VERBAL THREAT,632093
"STRONG-ARM (HANDS, FIST, FEET OR BODILY FORCE)",878032
VERBAL THREAT,576486
"STRONG-ARM (HANDS, FIST, FEET OR BODILY FORCE)",655393
UNKNOWN WEAPON/OTHER WEAPON,23878
"STRONG-ARM (HANDS, FIST, FEET OR BODILY FORCE)",536479
"STRONG-ARM (HANDS, FIST, FEET OR BODILY FORCE)",80974
"STRONG-ARM (HANDS, FIST, FEET OR BODILY FORCE)",58329
HAND GUN,260456
VERBAL THREAT,861144
UNKNOWN WEAPON/OTHER WEAPON,276748
"STRONG-ARM (HANDS, FIST, FEET OR BODILY FORCE)",764791
"STRONG-ARM (HANDS, FIST, FEET OR BODILY FORCE)",20674
"STRONG-ARM (HANDS, FIST, FEET OR BODILY FORCE)",774832
"STRONG-ARM (HANDS, FIST, FEET OR BODILY FORCE)",282311
OTHER CUTTING INSTRUMENT,544742
"STRONG-ARM (HANDS, FIST, FEET OR BODILY FORCE)",76628
UNKNOWN WEAPON/OTHER WEAPON,730058
"STRONG-ARM (HANDS, FIST, FEET OR BODILY FORCE)",300080
"STRONG-ARM (HANDS, FIST, FEET OR BODILY FORCE)",976842
"STRONG-ARM (HANDS, FIST, FEET OR BODILY FORCE)",55034
HAND GUN,400471
UNKNOWN WEAPON/OTHER WEAPON,732889
UNKNOWN WEAPON/OTHER WEAPON,353252
"STRONG-ARM (HANDS, FIST, FEET OR BODILY FORCE)",199153
"STRONG-ARM (HANDS, FIST, FEET OR BODILY FORCE)",77560
"STRONG-ARM (HANDS, FIST, FEET OR BODILY FORCE)",511578
"STRONG-ARM (HANDS, FIST, FEET OR BODILY FORCE)",216282
"STRONG-ARM (HANDS, FIST, FEET OR BODILY FORCE)",199404
KNIFE WITH BLADE 6INCHES OR LESS,537941
GLASS,539468
SEMI-AUTOMATIC PISTOL,80956
"STRONG-ARM (HANDS, FIST, FEET OR BODILY FORCE)",736612
"STRONG-ARM (HANDS, FIST, FEET OR BODILY FORCE)",404814
"STRONG-ARM (HANDS, FIST, FEET OR BODILY FORCE)",702178
PIPE/METAL PIPE,308365
"STRONG-ARM (HANDS, FIST, FEET OR BODILY FORCE)",773676
STICK,881714
VERBAL THREAT,936755
KNIFE WITH BLADE 6INCHES OR LESS,84567
"STRONG-ARM (HANDS, FIST, FEET OR BODILY FORCE)",71299
HAND GUN,59735
"STRONG-ARM (HANDS, FIST, FEET OR BODILY FORCE)",667462
UNKNOWN WEAPON/OTHER WEAPON,518065
"STRONG-ARM (HANDS, FIST, FEET OR BODILY FORCE)",723116
"STRONG-ARM (HANDS, FIST, FEET OR BODILY FORCE)",64977
UNKNOWN WEAPON/OTHER WEAPON,265237
KNIFE WITH BLADE 6INCHES OR LESS,976896
"STRONG-ARM (HANDS, FIST, FEET OR BODILY FORCE)",980137
"STRONG-ARM (HANDS, FIST, FEET OR BODILY FORCE)",745159
"STRONG-ARM (HANDS, FIST, FEET OR BODILY FORCE)",184701
"STRONG-ARM (HANDS, FIST, FEET OR BODILY FORCE)",608340
"STRONG-ARM (HANDS, FIST, FEET OR BODILY FORCE)",45541
"STRONG-ARM (HANDS, FIST, FEET OR BODILY FORCE)",345901
"STRONG-ARM (HANDS, FIST, FEET OR BODILY FORCE)",198790
VERBAL THREAT,682815
"STRONG-ARM (HANDS, FIST, FEET OR BODILY FORCE)",576955
UNKNOWN FIREARM,459602
"STRONG-ARM (HANDS, FIST, FEET OR BODILY FORCE)",977536
"STRONG-ARM (HANDS, FIST, FEET OR BODILY FORCE)",963991
"STRONG-ARM (HANDS, FIST, FEET OR BODILY FORCE)",176673
"STRONG-ARM (HANDS, FIST, FEET OR BODILY FORCE)",675545
"STRONG-ARM (HANDS, FIST, FEET OR BODILY FORCE)",91894
"STRONG-ARM (HANDS, FIST, FEET OR BODILY FORCE)",200063
VERBAL THREAT,40098
"STRONG-ARM (HANDS, FIST, FEET OR BODILY FORCE)",181563
SWITCH BLADE,555262
"STRONG-ARM (HANDS, FIST, FEET OR BODILY FORCE)",777816
"STRONG-ARM (HANDS, FIST, FEET OR BODILY FORCE)",25646
"STRONG-ARM (HANDS, FIST, FEET OR BODILY FORCE)",169225
"STRONG-ARM (HANDS, FIST, FEET OR BODILY FORCE)",203981
"STRONG-ARM (HANDS, FIST, FEET OR BODILY FORCE)",285605
UNKNOWN FIREARM,657615
KNIFE WITH BLADE OVER 6 INCHES IN LENGTH,72922
HAND GUN,22082
UNKNOWN WEAPON/OTHER WEAPON,48533
"STRONG-ARM (HANDS, FIST, FEET OR BODILY FORCE)",114645
UNKNOWN WEAPON/OTHER WEAPON,812104
UNKNOWN WEAPON/OTHER WEAPON,243715
"STRONG-ARM (HANDS, FIST, FEET OR BODILY FORCE)",662008
"STRONG-ARM (HANDS, FIST, FEET OR BODILY FORCE)",98026
UNKNOWN WEAPON/OTHER WEAPON,150546
"STRONG-ARM (HANDS, FIST, FEET OR BODILY FORCE)",117941
UNKNOWN WEAPON/OTHER WEAPON,550645
"STRONG-ARM (HANDS, FIST, FEET OR BODILY FORCE)",359857
"STRONG-ARM (HANDS, FIST, FEET OR BODILY FORCE)",683041
"STRONG-ARM (HANDS, FIST, FEET OR BODILY FORCE)",536746
"STRONG-ARM (HANDS, FIST, FEET OR BODILY FORCE)",305232
"STRONG-ARM (HANDS, FIST, FEET OR BODILY FORCE)",401239
UNKNOWN WEAPON/OTHER WEAPON,355182
HAND GUN,248635
UNKNOWN WEAPON/OTHER WEAPON,489633
UNKNOWN WEAPON/OTHER WEAPON,508216
"STRONG-ARM (HANDS, FIST, FEET OR BODILY FORCE)",589156
HAND GUN,605813
"STRONG-ARM (HANDS, FIST, FEET OR BODILY FORCE)",933946
BELT FLAILING INSTRUMENT/CHAIN,881218
BOTTLE,716974
"STRONG-ARM (HANDS, FIST, FEET OR BODILY FORCE)",794695
"STRONG-ARM (HANDS, FIST, FEET OR BODILY FORCE)",633156
VERBAL THREAT,455401
"STRONG-ARM (HANDS, FIST, FEET OR BODILY FORCE)",631127
"STRONG-ARM (HANDS, FIST, FEET OR BODILY FORCE)",798943
"STRONG-ARM (HANDS, FIST, FEET OR BODILY FORCE)",10849
"STRONG-ARM (HANDS, FIST, FEET OR BODILY FORCE)",938104
HAND GUN,379108
"STRONG-ARM (HANDS, FIST, FEET OR BODILY FORCE)",536951
VEHICLE,228492
"STRONG-ARM (HANDS, FIST, FEET OR BODILY FORCE)",857918
UNKNOWN WEAPON/OTHER WEAPON,976320
"STRONG-ARM (HANDS, FIST, FEET OR BODILY FORCE)",775383
"STRONG-ARM (HANDS, FIST, FEET OR BODILY FORCE)",800613
KNIFE WITH BLADE 6INCHES OR LESS,380856
"STRONG-ARM (HANDS, FIST, FEET OR BODILY FORCE)",339658
VERBAL THREAT,170619
"STRONG-ARM (HANDS, FIST, FEET OR BODILY FORCE)",324622
"STRONG-ARM (HANDS, FIST, FEET OR BODILY FORCE)",283982
"STRONG-ARM (HANDS, FIST, FEET OR BODILY FORCE)",254138
KNIFE WITH BLADE 6INCHES OR LESS,920132
"STRONG-ARM (HANDS, FIST, FEET OR BODILY FORCE)",893868
MACE/PEPPER SPRAY,824453
"STRONG-ARM (HANDS, FIST, FEET OR BODILY FORCE)",340377
"STRONG-ARM (HANDS, FIST, FEET OR BODILY FORCE)",253226
"STRONG-ARM (HANDS, FIST, FEET OR BODILY FORCE)",184851
HAND GUN,944614
KNIFE WITH BLADE 6INCHES OR LESS,328045
ROCK/THROWN OBJECT,974619
HAND GUN,894687
KNIFE WITH BLADE 6INCHES OR LESS,287129
KNIFE WITH BLADE 6INCHES OR LESS,185970
"STRONG-ARM (HANDS, FIST, FEET OR BODILY FORCE)",605419
UNKNOWN FIREARM,790605
"STRONG-ARM (HANDS, FIST, FEET OR BODILY FORCE)",752212
BLUNT INSTRUMENT,484999
UNKNOWN WEAPON/OTHER WEAPON,240994
VERBAL THREAT,814547
KNIFE WITH BLADE OVER 6 INCHES IN LENGTH,875178
UNKNOWN WEAPON/OTHER WEAPON,44627
UNKNOWN FIREARM,151656
UNKNOWN WEAPON/OTHER WEAPON,30400
HAND GUN,220177
"STRONG-ARM (HANDS, FIST, FEET OR BODILY FORCE)",817596
UNKNOWN WEAPON/OTHER WEAPON,102208
"STRONG-ARM (HANDS, FIST, FEET OR BODILY FORCE)",376899
HAND GUN,25522
"STRONG-ARM (HANDS, FIST, FEET OR BODILY FORCE)",181917
"STRONG-ARM (HANDS, FIST, FEET OR BODILY FORCE)",979799
STUN GUN,616603
UNKNOWN WEAPON/OTHER WEAPON,3382
HAND GUN,498813
VERBAL THREAT,67534
FOLDING KNIFE,248028
UNKNOWN WEAPON/OTHER WEAPON,617191
OTHER KNIFE,973833
VEHICLE,745679
"STRONG-ARM (HANDS, FIST, FEET OR BODILY FORCE)",495637
KNIFE WITH BLADE OVER 6 INCHES IN LENGTH,972324
"STRONG-ARM (HANDS, FIST, FEET OR BODILY FORCE)",715853
"STRONG-ARM (HANDS, FIST, FEET OR BODILY FORCE)",57888
"STRONG-ARM (HANDS, FIST, FEET OR BODILY FORCE)",220517
"STRONG-ARM (HANDS, FIST, FEET OR BODILY FORCE)",805157
"STRONG-ARM (HANDS, FIST, FEET OR BODILY FORCE)",139654
"STRONG-ARM (HANDS, FIST, FEET OR BODILY FORCE)",882979
VERBAL THREAT,327252
"STRONG-ARM (HANDS, FIST, FEET OR BODILY FORCE)",536313
VERBAL THREAT,705465
VERBAL THREAT,118849
"STRONG-ARM (HANDS, FIST, FEET OR BODILY FORCE)",397254
HAND GUN,644383
"STRONG-ARM (HANDS, FIST, FEET OR BODILY FORCE)",112579
UNKNOWN WEAPON/OTHER WEAPON,317061
"STRONG-ARM (HANDS, FIST, FEET OR BODILY FORCE)",614486
"STRONG-ARM (HANDS, FIST, FEET OR BODILY FORCE)",202463
"STRONG-ARM (HANDS, FIST, FEET OR BODILY FORCE)",662521
"STRONG-ARM (HANDS, FIST, FEET OR BODILY FORCE)",911720
UNKNOWN WEAPON/OTHER WEAPON,817890
"STRONG-ARM (HANDS, FIST, FEET OR BODILY FORCE)",965990
SEMI-AUTOMATIC PISTOL,287720
"STRONG-ARM (HANDS, FIST, FEET OR BODILY FORCE)",577299
"STRONG-ARM (HANDS, FIST, FEET OR BODILY FORCE)",978238
"STRONG-ARM (HANDS, FIST, FEET OR BODILY FORCE)",362518
"STRONG-ARM (HANDS, FIST, FEET OR BODILY FORCE)",149216
UNKNOWN WEAPON/OTHER WEAPON,648483
"STRONG-ARM (HANDS, FIST, FEET OR BODILY FORCE)",55757
"STRONG-ARM (HANDS, FIST, FEET OR BODILY FORCE)",599691
"STRONG-ARM (HANDS, FIST, FEET OR BODILY FORCE)",846889
"STRONG-ARM (HANDS, FIST, FEET OR BODILY FORCE)",14578
BOTTLE,967960
SEMI-AUTOMATIC PISTOL,607160
"STRONG-ARM (HANDS, FIST, FEET OR BODILY FORCE)",49916
"STRONG-ARM (HANDS, FIST, FEET OR BODILY FORCE)",536181
HAND GUN,195740
UNKNOWN FIREARM,880269
HAND GUN,335562
VERBAL THREAT,967345
"STRONG-ARM (HANDS, FIST, FEET OR BODILY FORCE)",214027
UNKNOWN FIREARM,151718
"STRONG-ARM (HANDS, FIST, FEET OR BODILY FORCE)",187856
"STRONG-ARM (HANDS, FIST, FEET OR BODILY FORCE)",937316
UNKNOWN WEAPON/OTHER WEAPON,746420
"STRONG-ARM (HANDS, FIST, FEET OR BODILY FORCE)",444621
PIPE/METAL PIPE,63655
"STRONG-ARM (HANDS, FIST, FEET OR BODILY FORCE)",896706
UNKNOWN WEAPON/OTHER WEAPON,949679
KNIFE WITH BLADE OVER 6 INCHES IN LENGTH,976806
"STRONG-ARM (HANDS, FIST, FEET OR BODILY FORCE)",606865
"STRONG-ARM (HANDS, FIST, FEET OR BODILY FORCE)",565962
HAND GUN,202649
"STRONG-ARM (HANDS, FIST, FEET OR BODILY FORCE)",341618
"STRONG-ARM (HANDS, FIST, FEET OR BODILY FORCE)",299258
UNKNOWN WEAPON/OTHER WEAPON,604739
"STRONG-ARM (HANDS, FIST, FEET OR BODILY FORCE)",863154
"STRONG-ARM (HANDS, FIST, FEET OR BODILY FORCE)",349722
"STRONG-ARM (HANDS, FIST, FEET OR BODILY FORCE)",553282
"STRONG-ARM (HANDS, FIST, FEET OR BODILY FORCE)",689434
UNKNOWN WEAPON/OTHER WEAPON,19704
"STRONG-ARM (HANDS, FIST, FEET OR BODILY FORCE)",75546
"STRONG-ARM (HANDS, FIST, FEET OR BODILY FORCE)",216865
HAND GUN,658871
"STRONG-ARM (HANDS, FIST, FEET OR BODILY FORCE)",667894
"STRONG-ARM (HANDS, FIST, FEET OR BODILY FORCE)",94988
HAND GUN,390911
UNKNOWN WEAPON/OTHER WEAPON,295611
UNKNOWN WEAPON/OTHER WEAPON,183682
FOLDING KNIFE,646416
HAND GUN,852150
"STRONG-ARM (HANDS, FIST, FEET OR BODILY FORCE)",871361
"STRONG-ARM (HANDS, FIST, FEET OR BODILY FORCE)",214841
ICE PICK,666403
"STRONG-ARM (HANDS, FIST, FEET OR BODILY FORCE)",738653
"STRONG-ARM (HANDS, FIST, FEET OR BODILY FORCE)",574703
"STRONG-ARM (HANDS, FIST, FEET OR BODILY FORCE)",634113
KNIFE WITH BLADE 6INCHES OR LESS,254380
UNKNOWN WEAPON/OTHER WEAPON,244375
"STRONG-ARM (HANDS, FIST, FEET OR BODILY FORCE)",336721
HAND GUN,615862
"STRONG-ARM (HANDS, FIST, FEET OR BODILY FORCE)",968500
"STRONG-ARM (HANDS, FIST, FEET OR BODILY FORCE)",202571
"STRONG-ARM (HANDS, FIST, FEET OR BODILY FORCE)",159324
"STRONG-ARM (HANDS, FIST, FEET OR BODILY FORCE)",911451
HAND GUN,400766
"STRONG-ARM (HANDS, FIST, FEET OR BODILY FORCE)",500721
"STRONG-ARM (HANDS, FIST, FEET OR BODILY FORCE)",515853
"STRONG-ARM (HANDS, FIST, FEET OR BODILY FORCE)",409105
SEMI-AUTOMATIC PISTOL,117715
UNKNOWN WEAPON/OTHER WEAPON,175701
"STRONG-ARM (HANDS, FIST, FEET OR BODILY FORCE)",440836
UNKNOWN WEAPON/OTHER WEAPON,793772
"STRONG-ARM (HANDS, FIST, FEET OR BODILY FORCE)",281981
MACE/PEPPER SPRAY,320509
"STRONG-ARM (HANDS, FIST, FEET OR BODILY FORCE)",131700
"STRONG-ARM (HANDS, FIST, FEET OR BODILY FORCE)",312757
KNIFE WITH BLADE 6INCHES OR LESS,94281
"STRONG-ARM (HANDS, FIST, FEET OR BODILY FORCE)",74352
"STRONG-ARM (HANDS, FIST, FEET OR BODILY FORCE)",919031
MACE/PEPPER SPRAY,975305
"STRONG-ARM (HANDS, FIST, FEET OR BODILY FORCE)",976373
BLUNT INSTRUMENT,968028
"STRONG-ARM (HANDS, FIST, FEET OR BODILY FORCE)",699788
"STRONG-ARM (HANDS, FIST, FEET OR BODILY FORCE)",4486
VERBAL THREAT,256768
"STRONG-ARM (HANDS, FIST, FEET OR BODILY FORCE)",161869
VERBAL THREAT,225763
"STRONG-ARM (HANDS, FIST, FEET OR BODILY FORCE)",844242
"STRONG-ARM (HANDS, FIST, FEET OR BODILY FORCE)",202979
BLUNT INSTRUMENT,506941
VERBAL THREAT,141174
"STRONG-ARM (HANDS, FIST, FEET OR BODILY FORCE)",601898
OTHER FIREARM,973202
"STRONG-ARM (HANDS, FIST, FEET OR BODILY FORCE)",521377
"STRONG-ARM (HANDS, FIST, FEET OR BODILY FORCE)",977160
"STRONG-ARM (HANDS, FIST, FEET OR BODILY FORCE)",580754
UNKNOWN WEAPON/OTHER WEAPON,977198
MACE/PEPPER SPRAY,31671
"STRONG-ARM (HANDS, FIST, FEET OR BODILY FORCE)",454720
FIXED OBJECT,240126
"STRONG-ARM (HANDS, FIST, FEET OR BODILY FORCE)",828190
UNKNOWN WEAPON/OTHER WEAPON,632660
VERBAL THREAT,368636
"STRONG-ARM (HANDS, FIST, FEET OR BODILY FORCE)",3396
PIPE/METAL PIPE,420693
"STRONG-ARM (HANDS, FIST, FEET OR BODILY FORCE)",243143
"STRONG-ARM (HANDS, FIST, FEET OR BODILY FORCE)",855950
"STRONG-ARM (HANDS, FIST, FEET OR BODILY FORCE)",616492
KITCHEN KNIFE,858590
"STRONG-ARM (HANDS, FIST, FEET OR BODILY FORCE)",812470
UNKNOWN WEAPON/OTHER WEAPON,722327
"STRONG-ARM (HANDS, FIST, FEET OR BODILY FORCE)",464495
"STRONG-ARM (HANDS, FIST, FEET OR BODILY FORCE)",801122
"STRONG-ARM (HANDS, FIST, FEET OR BODILY FORCE)",609931
UNKNOWN WEAPON/OTHER WEAPON,191474
"STRONG-ARM (HANDS, FIST, FEET OR BODILY FORCE)",746262
UNKNOWN WEAPON/OTHER WEAPON,979856
UNKNOWN WEAPON/OTHER WEAPON,970576
UNKNOWN FIREARM,976818
CAUSTIC CHEMICAL/POISON,967845
UNKNOWN WEAPON/OTHER WEAPON,184274
"STRONG-ARM (HANDS, FIST, FEET OR BODILY FORCE)",390947
"STRONG-ARM (HANDS, FIST, FEET OR BODILY FORCE)",223757
UNKNOWN WEAPON/OTHER WEAPON,518329
"STRONG-ARM (HANDS, FIST, FEET OR BODILY FORCE)",317957
OTHER KNIFE,100801
"STRONG-ARM (HANDS, FIST, FEET OR BODILY FORCE)",590852
VERBAL THREAT,55783
"STRONG-ARM (HANDS, FIST, FEET OR BODILY FORCE)",274413
"STRONG-ARM (HANDS, FIST, FEET OR BODILY FORCE)",974906
VERBAL THREAT,559814
VERBAL THREAT,971705
"STRONG-ARM (HANDS, FIST, FEET OR BODILY FORCE)",521855
OTHER KNIFE,666366
UNKNOWN WEAPON/OTHER WEAPON,837042
"STRONG-ARM (HANDS, FIST, FEET OR BODILY FORCE)",940337
VERBAL THREAT,709878
"STRONG-ARM (HANDS, FIST, FEET OR BODILY FORCE)",959084
"STRONG-ARM (HANDS, FIST, FEET OR BODILY FORCE)",238534
VERBAL THREAT,67642
HAND GUN,882493
FIRE,795763
"STRONG-ARM (HANDS, FIST, FEET OR BODILY FORCE)",458125
"STRONG-ARM (HANDS, FIST, FEET OR BODILY FORCE)",531706
"STRONG-ARM (HANDS, FIST, FEET OR BODILY FORCE)",680638
HAND GUN,538818
VERBAL THREAT,45528
FOLDING KNIFE,511911
"STRONG-ARM (HANDS, FIST, FEET OR BODILY FORCE)",861252
"STRONG-ARM (HANDS, FIST, FEET OR BODILY FORCE)",234925
VERBAL THREAT,252241
SEMI-AUTOMATIC PISTOL,535160
"STRONG-ARM (HANDS, FIST, FEET OR BODILY FORCE)",975791
"STRONG-ARM (HANDS, FIST, FEET OR BODILY FORCE)",752098
KNIFE WITH BLADE OVER 6 INCHES IN LENGTH,248192
SEMI-AUTOMATIC PISTOL,977180
VERBAL THREAT,632161
"STRONG-ARM (HANDS, FIST, FEET OR BODILY FORCE)",503369
UNKNOWN WEAPON/OTHER WEAPON,979539
"STRONG-ARM (HANDS, FIST, FEET OR BODILY FORCE)",314063
"STRONG-ARM (HANDS, FIST, FEET OR BODILY FORCE)",467606
"STRONG-ARM (HANDS, FIST, FEET OR BODILY FORCE)",971111
ROCK/THROWN OBJECT,486746
"STRONG-ARM (HANDS, FIST, FEET OR BODILY FORCE)",644659
"STRONG-ARM (HANDS, FIST, FEET OR BODILY FORCE)",121812
"STRONG-ARM (HANDS, FIST, FEET OR BODILY FORCE)",745989
"STRONG-ARM (HANDS, FIST, FEET OR BODILY FORCE)",922566
"STRONG-ARM (HANDS, FIST, FEET OR BODILY FORCE)",378319
"STRONG-ARM (HANDS, FIST, FEET OR BODILY FORCE)",972084
"STRONG-ARM (HANDS, FIST, FEET OR BODILY FORCE)",112216
"STRONG-ARM (HANDS, FIST, FEET OR BODILY FORCE)",10118
UNKNOWN WEAPON/OTHER WEAPON,472292
"STRONG-ARM (HANDS, FIST, FEET OR BODILY FORCE)",419831
VERBAL THREAT,683502
"STRONG-ARM (HANDS, FIST, FEET OR BODILY FORCE)",630985
VERBAL THREAT,440945
KNIFE WITH BLADE 6INCHES OR LESS,965729
"STRONG-ARM (HANDS, FIST, FEET OR BODILY FORCE)",214768
VERBAL THREAT,96973
"STRONG-ARM (HANDS, FIST, FEET OR BODILY FORCE)",699003
UNKNOWN WEAPON/OTHER WEAPON,168431
HAND GUN,791812
VERBAL THREAT,969837
HAND GUN,447443
SEMI-AUTOMATIC PISTOL,817098
UNKNOWN WEAPON/OTHER WEAPON,917204
"STRONG-ARM (HANDS, FIST, FEET OR BODILY FORCE)",138617
RIFLE,724902
CLUB/BAT,972771
"STRONG-ARM (HANDS, FIST, FEET OR BODILY FORCE)",735192
"STRONG-ARM (HANDS, FIST, FEET OR BODILY FORCE)",663994
MACHETE,841934
HAND GUN,859073
"STRONG-ARM (HANDS, FIST, FEET OR BODILY FORCE)",943833
"STRONG-ARM (HANDS, FIST, FEET OR BODILY FORCE)",875702
"STRONG-ARM (HANDS, FIST, FEET OR BODILY FORCE)",971929
"STRONG-ARM (HANDS, FIST, FEET OR BODILY FORCE)",44786
UNKNOWN WEAPON/OTHER WEAPON,123919
"STRONG-ARM (HANDS, FIST, FEET OR BODILY FORCE)",935948
"STRONG-ARM (HANDS, FIST, FEET OR BODILY FORCE)",203027
UNKNOWN WEAPON/OTHER WEAPON,821767
AIR PISTOL/REVOLVER/RIFLE/BB GUN,963099
VERBAL THREAT,266690
UNKNOWN WEAPON/OTHER WEAPON,8593
"STRONG-ARM (HANDS, FIST, FEET OR BODILY FORCE)",619125
OTHER KNIFE,12548
HAND GUN,844181
VEHICLE,977707
HAND GUN,797807
"STRONG-ARM (HANDS, FIST, FEET OR BODILY FORCE)",778022
UNKNOWN WEAPON/OTHER WEAPON,975611
"STRONG-ARM (HANDS, FIST, FEET OR BODILY FORCE)",51064
"STRONG-ARM (HANDS, FIST, FEET OR BODILY FORCE)",529768
"STRONG-ARM (HANDS, FIST, FEET OR BODILY FORCE)",714441
"STRONG-ARM (HANDS, FIST, FEET OR BODILY FORCE)",154906
KNIFE WITH BLADE 6INCHES OR LESS,162916
HAND GUN,85916
"STRONG-ARM (HANDS, FIST, FEET OR BODILY FORCE)",869621
"STRONG-ARM (HANDS, FIST, FEET OR BODILY FORCE)",33225
"STRONG-ARM (HANDS, FIST, FEET OR BODILY FORCE)",503832
"STRONG-ARM (HANDS, FIST, FEET OR BODILY FORCE)",104631
KNIFE WITH BLADE 6INCHES OR LESS,210370
OTHER KNIFE,272664
"STRONG-ARM (HANDS, FIST, FEET OR BODILY FORCE)",271486
"STRONG-ARM (HANDS, FIST, FEET OR BODILY FORCE)",895088
"STRONG-ARM (HANDS, FIST, FEET OR BODILY FORCE)",302516
